<manifest><control namespace="CJSoftLabs" constructor="CustomTimeline" version="1.0.6" display-name-key="CustomTimeline" description-key="CustomTimeline description" control-type="standard" api-version="1.3.14"><external-service-usage enabled="false" /><property name="jsonData" display-name-key="JSON Data" description-key="JSON array representing the Adaptive Cards" of-type="Multiple" usage="bound" required="true" /><resources><code path="bundle.js" order="1" /></resources><built-by name="pac" version="1.32.5" /></control></manifest>