<?xml version="1.0" encoding="UTF-8" standalone="yes"?>
<manifest>
  <control namespace="CJSoftLabs" constructor="CustomUrlComponent" version="1.0.0" display-name-key="Custom Url Component" description-key="CJS Custom Url Component" control-type="standard" api-version="1.3.15">
    <external-service-usage enabled="false"/>
    <property name="InputData" display-name-key="Input Data" description-key="Input url data in JSON format which holds the value and url" of-type="SingleLine.Text" usage="bound" required="true"/>
    <property name="ReadOnly" display-name-key="ReadOnly" description-key="Set ReadOnly property for Url component - True/False" of-type="SingleLine.Text" usage="input" required="true"/>
    <property name="DisplayAsLink" display-name-key="DisplayAsLink" description-key="Determines whether the Url component should display the url as link - True/False" of-type="SingleLine.Text" usage="input" required="true"/>
    <resources>
      <code path="bundle.js" order="1"/>
    </resources>
    <built-by name="pac" version="1.34.3"/>
  </control>
</manifest>