<manifest><control namespace="CJSoftLabs" constructor="CustomUrlComponent" version="1.0.0" display-name-key="Custom Url Component" description-key="Custom Url Component description" control-type="standard" api-version="1.3.15"><external-service-usage enabled="false" /><property name="inputdata" display-name-key="Input url data in JSON format which holds the value and url" description-key="Input Data" of-type="SingleLine.Text" usage="bound" required="true" /><resources><code path="bundle.js" order="1" /></resources><built-by name="pac" version="1.34.3" /></control></manifest>