{
  "fontName": "fabric-icons-15",
  "fontFamilyName": "FabricMDL2Icons-15",
  "excludeGlyphs": false,
  "excludeThirdPartyIcons": true,
  "chunkSubsets": true,
  "hashFontFileName": true,
  "subsetChunkSettings": {
    "maxSubsetSize": 100
  },
  "glyphs": [
    {
      "name": "CalendarSettings",
      "unicode": "F558"
    },
    {
      "name": "CalendarSettingsMirrored",
      "unicode": "F559"
    },
    {
      "name": "HardDriveLock",
      "unicode": "F55A"
    },
    {
      "name": "HardDriveUnlock",
      "unicode": "F55B"
    },
    {
      "name": "AccountManagement",
      "unicode": "F55C"
    },
    {
      "name": "ReportWarning",
      "unicode": "F569"
    },
    {
      "name": "TransitionPop",
      "unicode": "F5B2"
    },
    {
      "name": "TransitionPush",
      "unicode": "F5B3"
    },
    {
      "name": "TransitionEffect",
      "unicode": "F5B4"
    },
    {
      "name": "LookupEntities",
      "unicode": "F5B5"
    },
    {
      "name": "ExploreData",
      "unicode": "F5B6"
    },
    {
      "name": "AddBookmark",
      "unicode": "F5B7"
    },
    {
      "name": "SearchBookmark",
      "unicode": "F5B8"
    },
    {
      "name": "DrillThrough",
      "unicode": "F5B9"
    },
    {
      "name": "MasterDatabase",
      "unicode": "F5BA"
    },
    {
      "name": "CertifiedDatabase",
      "unicode": "F5BB"
    },
    {
      "name": "MaximumValue",
      "unicode": "F5BC"
    },
    {
      "name": "MinimumValue",
      "unicode": "F5BD"
    },
    {
      "name": "VisualStudioIDELogo32",
      "unicode": "F5D0"
    },
    {
      "name": "PasteAsText",
      "unicode": "F5D5"
    },
    {
      "name": "PasteAsCode",
      "unicode": "F5D6"
    },
    {
      "name": "BrowserTab",
      "unicode": "F5D7"
    },
    {
      "name": "BrowserTabScreenshot",
      "unicode": "F5D8"
    },
    {
      "name": "DesktopScreenshot",
      "unicode": "F5D9"
    },
    {
      "name": "FileYML",
      "unicode": "F5DA"
    },
    {
      "name": "ClipboardSolid",
      "unicode": "F5DC"
    },
    {
      "name": "FabricUserFolder",
      "unicode": "F5E5"
    },
    {
      "name": "FabricNetworkFolder",
      "unicode": "F5E6"
    },
    {
      "name": "BullseyeTarget",
      "unicode": "F5F0"
    },
    {
      "name": "AnalyticsView",
      "unicode": "F5F1"
    },
    {
      "name": "Video360Generic",
      "unicode": "F609"
    },
    {
      "name": "Untag",
      "unicode": "F60B"
    },
    {
      "name": "Leave",
      "unicode": "F627"
    },
    {
      "name": "Trending12",
      "unicode": "F62D"
    },
    {
      "name": "Blocked12",
      "unicode": "F62E"
    },
    {
      "name": "Warning12",
      "unicode": "F62F"
    },
    {
      "name": "CheckedOutByOther12",
      "unicode": "F630"
    },
    {
      "name": "CheckedOutByYou12",
      "unicode": "F631"
    },
    {
      "name": "CircleShapeSolid",
      "unicode": "F63C"
    },
    {
      "name": "SquareShapeSolid",
      "unicode": "F63D"
    },
    {
      "name": "TriangleShapeSolid",
      "unicode": "F63E"
    },
    {
      "name": "DropShapeSolid",
      "unicode": "F63F"
    },
    {
      "name": "RectangleShapeSolid",
      "unicode": "F640"
    },
    {
      "name": "ZoomToFit",
      "unicode": "F649"
    },
    {
      "name": "InsertColumnsLeft",
      "unicode": "F64A"
    },
    {
      "name": "InsertColumnsRight",
      "unicode": "F64B"
    },
    {
      "name": "InsertRowsAbove",
      "unicode": "F64C"
    },
    {
      "name": "InsertRowsBelow",
      "unicode": "F64D"
    },
    {
      "name": "DeleteColumns",
      "unicode": "F64E"
    },
    {
      "name": "DeleteRows",
      "unicode": "F64F"
    },
    {
      "name": "DeleteRowsMirrored",
      "unicode": "F650"
    },
    {
      "name": "DeleteTable",
      "unicode": "F651"
    },
    {
      "name": "AccountBrowser",
      "unicode": "F652"
    },
    {
      "name": "VersionControlPush",
      "unicode": "F664"
    },
    {
      "name": "StackedColumnChart2",
      "unicode": "F666"
    },
    {
      "name": "TripleColumnWide",
      "unicode": "F66E"
    },
    {
      "name": "QuadColumn",
      "unicode": "F66F"
    },
    {
      "name": "WhiteBoardApp16",
      "unicode": "F673"
    },
    {
      "name": "WhiteBoardApp32",
      "unicode": "F674"
    },
    {
      "name": "PinnedSolid",
      "unicode": "F676"
    },
    {
      "name": "InsertSignatureLine",
      "unicode": "F677"
    },
    {
      "name": "ArrangeByFrom",
      "unicode": "F678"
    },
    {
      "name": "Phishing",
      "unicode": "F679"
    },
    {
      "name": "CreateMailRule",
      "unicode": "F67A"
    },
    {
      "name": "PublishCourse",
      "unicode": "F699"
    },
    {
      "name": "DictionaryRemove",
      "unicode": "F69A"
    },
    {
      "name": "UserRemove",
      "unicode": "F69B"
    },
    {
      "name": "UserEvent",
      "unicode": "F69C"
    },
    {
      "name": "Encryption",
      "unicode": "F69D"
    },
    {
      "name": "PasswordField",
      "unicode": "F6AA"
    },
    {
      "name": "OpenInNewTab",
      "unicode": "F6AB"
    },
    {
      "name": "Hide3",
      "unicode": "F6AC"
    },
    {
      "name": "VerifiedBrandSolid",
      "unicode": "F6AD"
    },
    {
      "name": "MarkAsProtected",
      "unicode": "F6AE"
    },
    {
      "name": "AuthenticatorApp",
      "unicode": "F6B1"
    },
    {
      "name": "WebTemplate",
      "unicode": "F6B2"
    },
    {
      "name": "DefenderTVM",
      "unicode": "F6B3"
    },
    {
      "name": "MedalSolid",
      "unicode": "F6B9"
    },
    {
      "name": "D365TalentLearn",
      "unicode": "F6BB"
    },
    {
      "name": "D365TalentInsight",
      "unicode": "F6BC"
    },
    {
      "name": "D365TalentHRCore",
      "unicode": "F6BD"
    },
    {
      "name": "BacklogList",
      "unicode": "F6BF"
    },
    {
      "name": "ButtonControl",
      "unicode": "F6C0"
    },
    {
      "name": "TableGroup",
      "unicode": "F6D9"
    },
    {
      "name": "MountainClimbing",
      "unicode": "F6DB"
    },
    {
      "name": "TagUnknown",
      "unicode": "F6DF"
    },
    {
      "name": "TagUnknownMirror",
      "unicode": "F6E0"
    },
    {
      "name": "TagUnknown12",
      "unicode": "F6E1"
    },
    {
      "name": "TagUnknown12Mirror",
      "unicode": "F6E2"
    },
    {
      "name": "Link12",
      "unicode": "F6E3"
    },
    {
      "name": "Presentation",
      "unicode": "F6E4"
    },
    {
      "name": "Presentation12",
      "unicode": "F6E5"
    },
    {
      "name": "Lock12",
      "unicode": "F6E6"
    },
    {
      "name": "BuildDefinition",
      "unicode": "F6E9"
    },
    {
      "name": "ReleaseDefinition",
      "unicode": "F6EA"
    },
    {
      "name": "SaveTemplate",
      "unicode": "F6EC"
    },
    {
      "name": "UserGauge",
      "unicode": "F6ED"
    },
    {
      "name": "BlockedSiteSolid12",
      "unicode": "F70A"
    },
    {
      "name": "TagSolid",
      "unicode": "F70E"
    },
    {
      "name": "OfficeChat",
      "unicode": "F70F"
    }
  ]
}