{
  "fontName": "fabric-icons-6",
  "fontFamilyName": "FabricMDL2Icons-6",
  "excludeGlyphs": false,
  "excludeThirdPartyIcons": true,
  "chunkSubsets": true,
  "hashFontFileName": true,
  "subsetChunkSettings": {
    "maxSubsetSize": 100
  },
  "glyphs": [
    {
      "name": "SwayLogoInverse",
      "unicode": "ED29"
    },
    {
      "name": "OutOfOffice",
      "unicode": "ED34"
    },
    {
      "name": "Trophy",
      "unicode": "ED3F"
    },
    {
      "name": "ReopenPages",
      "unicode": "ED50"
    },
    {
      "name": "EmojiTabSymbols",
      "unicode": "ED58"
    },
    {
      "name": "AADLogo",
      "unicode": "ED68"
    },
    {
      "name": "AccessLogo",
      "unicode": "ED69"
    },
    {
      "name": "AdminALogoInverse32",
      "unicode": "ED6A"
    },
    {
      "name": "AdminCLogoInverse32",
      "unicode": "ED6B"
    },
    {
      "name": "AdminDLogoInverse32",
      "unicode": "ED6C"
    },
    {
      "name": "AdminELogoInverse32",
      "unicode": "ED6D"
    },
    {
      "name": "AdminLLogoInverse32",
      "unicode": "ED6E"
    },
    {
      "name": "AdminMLogoInverse32",
      "unicode": "ED6F"
    },
    {
      "name": "AdminOLogoInverse32",
      "unicode": "ED70"
    },
    {
      "name": "AdminPLogoInverse32",
      "unicode": "ED71"
    },
    {
      "name": "AdminSLogoInverse32",
      "unicode": "ED72"
    },
    {
      "name": "AdminYLogoInverse32",
      "unicode": "ED73"
    },
    {
      "name": "DelveLogoInverse",
      "unicode": "ED76"
    },
    {
      "name": "ExchangeLogoInverse",
      "unicode": "ED78"
    },
    {
      "name": "LyncLogo",
      "unicode": "ED79"
    },
    {
      "name": "OfficeVideoLogoInverse",
      "unicode": "ED7A"
    },
    {
      "name": "SocialListeningLogo",
      "unicode": "ED7C"
    },
    {
      "name": "VisioLogoInverse",
      "unicode": "ED7D"
    },
    {
      "name": "Balloons",
      "unicode": "ED7E"
    },
    {
      "name": "Cat",
      "unicode": "ED7F"
    },
    {
      "name": "MailAlert",
      "unicode": "ED80"
    },
    {
      "name": "MailCheck",
      "unicode": "ED81"
    },
    {
      "name": "MailLowImportance",
      "unicode": "ED82"
    },
    {
      "name": "MailPause",
      "unicode": "ED83"
    },
    {
      "name": "MailRepeat",
      "unicode": "ED84"
    },
    {
      "name": "SecurityGroup",
      "unicode": "ED85"
    },
    {
      "name": "Table",
      "unicode": "ED86"
    },
    {
      "name": "VoicemailForward",
      "unicode": "ED87"
    },
    {
      "name": "VoicemailReply",
      "unicode": "ED88"
    },
    {
      "name": "Waffle",
      "unicode": "ED89"
    },
    {
      "name": "RemoveEvent",
      "unicode": "ED8A"
    },
    {
      "name": "EventInfo",
      "unicode": "ED8B"
    },
    {
      "name": "ForwardEvent",
      "unicode": "ED8C"
    },
    {
      "name": "WipePhone",
      "unicode": "ED8D"
    },
    {
      "name": "AddOnlineMeeting",
      "unicode": "ED8E"
    },
    {
      "name": "JoinOnlineMeeting",
      "unicode": "ED8F"
    },
    {
      "name": "RemoveLink",
      "unicode": "ED90"
    },
    {
      "name": "PeopleBlock",
      "unicode": "ED91"
    },
    {
      "name": "PeopleRepeat",
      "unicode": "ED92"
    },
    {
      "name": "PeopleAlert",
      "unicode": "ED93"
    },
    {
      "name": "PeoplePause",
      "unicode": "ED94"
    },
    {
      "name": "TransferCall",
      "unicode": "ED95"
    },
    {
      "name": "AddPhone",
      "unicode": "ED96"
    },
    {
      "name": "UnknownCall",
      "unicode": "ED97"
    },
    {
      "name": "NoteReply",
      "unicode": "ED98"
    },
    {
      "name": "NoteForward",
      "unicode": "ED99"
    },
    {
      "name": "NotePinned",
      "unicode": "ED9A"
    },
    {
      "name": "RemoveOccurrence",
      "unicode": "ED9B"
    },
    {
      "name": "Timeline",
      "unicode": "ED9C"
    },
    {
      "name": "EditNote",
      "unicode": "ED9D"
    },
    {
      "name": "CircleHalfFull",
      "unicode": "ED9E"
    },
    {
      "name": "Room",
      "unicode": "ED9F"
    },
    {
      "name": "Unsubscribe",
      "unicode": "EDA0"
    },
    {
      "name": "Subscribe",
      "unicode": "EDA1"
    },
    {
      "name": "HardDrive",
      "unicode": "EDA2"
    },
    {
      "name": "RecurringTask",
      "unicode": "EDB2"
    },
    {
      "name": "TaskManager",
      "unicode": "EDB7"
    },
    {
      "name": "TaskManagerMirrored",
      "unicode": "EDB8"
    },
    {
      "name": "Combine",
      "unicode": "EDBB"
    },
    {
      "name": "Split",
      "unicode": "EDBC"
    },
    {
      "name": "DoubleChevronUp",
      "unicode": "EDBD"
    },
    {
      "name": "DoubleChevronLeft",
      "unicode": "EDBE"
    },
    {
      "name": "DoubleChevronRight",
      "unicode": "EDBF"
    },
    {
      "name": "TextBox",
      "unicode": "EDC2"
    },
    {
      "name": "TextField",
      "unicode": "EDC3"
    },
    {
      "name": "NumberField",
      "unicode": "EDC4"
    },
    {
      "name": "Dropdown",
      "unicode": "EDC5"
    },
    {
      "name": "PenWorkspace",
      "unicode": "EDC6"
    },
    {
      "name": "BookingsLogo",
      "unicode": "EDC7"
    },
    {
      "name": "ClassNotebookLogoInverse",
      "unicode": "EDC8"
    },
    {
      "name": "DelveAnalyticsLogo",
      "unicode": "EDCA"
    },
    {
      "name": "DocsLogoInverse",
      "unicode": "EDCB"
    },
    {
      "name": "Dynamics365Logo",
      "unicode": "EDCC"
    },
    {
      "name": "DynamicSMBLogo",
      "unicode": "EDCD"
    },
    {
      "name": "OfficeAssistantLogo",
      "unicode": "EDCE"
    },
    {
      "name": "OfficeStoreLogo",
      "unicode": "EDCF"
    },
    {
      "name": "OneNoteEduLogoInverse",
      "unicode": "EDD0"
    },
    {
      "name": "PlannerLogo",
      "unicode": "EDD1"
    },
    {
      "name": "PowerApps",
      "unicode": "EDD2"
    },
    {
      "name": "Suitcase",
      "unicode": "EDD3"
    },
    {
      "name": "ProjectLogoInverse",
      "unicode": "EDD4"
    },
    {
      "name": "CaretLeft8",
      "unicode": "EDD5"
    },
    {
      "name": "CaretRight8",
      "unicode": "EDD6"
    },
    {
      "name": "CaretUp8",
      "unicode": "EDD7"
    },
    {
      "name": "CaretDown8",
      "unicode": "EDD8"
    },
    {
      "name": "CaretLeftSolid8",
      "unicode": "EDD9"
    },
    {
      "name": "CaretRightSolid8",
      "unicode": "EDDA"
    },
    {
      "name": "CaretUpSolid8",
      "unicode": "EDDB"
    },
    {
      "name": "CaretDownSolid8",
      "unicode": "EDDC"
    },
    {
      "name": "ClearFormatting",
      "unicode": "EDDD"
    },
    {
      "name": "Superscript",
      "unicode": "EDDE"
    },
    {
      "name": "Subscript",
      "unicode": "EDDF"
    },
    {
      "name": "Strikethrough",
      "unicode": "EDE0"
    },
    {
      "name": "Export",
      "unicode": "EDE1"
    },
    {
      "name": "ExportMirrored",
      "unicode": "EDE2"
    }
  ]
}