{
  "fontName": "fabric-icons-9",
  "fontFamilyName": "FabricMDL2Icons-9",
  "excludeGlyphs": false,
  "excludeThirdPartyIcons": true,
  "chunkSubsets": true,
  "hashFontFileName": true,
  "subsetChunkSettings": {
    "maxSubsetSize": 100
  },
  "glyphs": [
    {
      "name": "AddFavoriteFill",
      "unicode": "F0C9"
    },
    {
      "name": "BufferTimeBefore",
      "unicode": "F0CF"
    },
    {
      "name": "BufferTimeAfter",
      "unicode": "F0D0"
    },
    {
      "name": "BufferTimeBoth",
      "unicode": "F0D1"
    },
    {
      "name": "PublishContent",
      "unicode": "F0D4"
    },
    {
      "name": "ClipboardList",
      "unicode": "F0E3"
    },
    {
      "name": "ClipboardListMirrored",
      "unicode": "F0E4"
    },
    {
      "name": "CannedChat",
      "unicode": "F0F2"
    },
    {
      "name": "SkypeForBusinessLogo",
      "unicode": "F0FC"
    },
    {
      "name": "TabCenter",
      "unicode": "F100"
    },
    {
      "name": "PageCheckedin",
      "unicode": "F104"
    },
    {
      "name": "PageList",
      "unicode": "F106"
    },
    {
      "name": "ReadOutLoud",
      "unicode": "F112"
    },
    {
      "name": "CaretBottomLeftSolid8",
      "unicode": "F121"
    },
    {
      "name": "CaretBottomRightSolid8",
      "unicode": "F122"
    },
    {
      "name": "FolderHorizontal",
      "unicode": "F12B"
    },
    {
      "name": "MicrosoftStaffhubLogo",
      "unicode": "F130"
    },
    {
      "name": "GiftboxOpen",
      "unicode": "F133"
    },
    {
      "name": "StatusCircleOuter",
      "unicode": "F136"
    },
    {
      "name": "StatusCircleInner",
      "unicode": "F137"
    },
    {
      "name": "StatusCircleRing",
      "unicode": "F138"
    },
    {
      "name": "StatusTriangleOuter",
      "unicode": "F139"
    },
    {
      "name": "StatusTriangleInner",
      "unicode": "F13A"
    },
    {
      "name": "StatusTriangleExclamation",
      "unicode": "F13B"
    },
    {
      "name": "StatusCircleExclamation",
      "unicode": "F13C"
    },
    {
      "name": "StatusCircleErrorX",
      "unicode": "F13D"
    },
    {
      "name": "StatusCircleInfo",
      "unicode": "F13F"
    },
    {
      "name": "StatusCircleBlock",
      "unicode": "F140"
    },
    {
      "name": "StatusCircleBlock2",
      "unicode": "F141"
    },
    {
      "name": "StatusCircleQuestionMark",
      "unicode": "F142"
    },
    {
      "name": "StatusCircleSync",
      "unicode": "F143"
    },
    {
      "name": "Toll",
      "unicode": "F160"
    },
    {
      "name": "ExploreContentSingle",
      "unicode": "F164"
    },
    {
      "name": "CollapseContent",
      "unicode": "F165"
    },
    {
      "name": "CollapseContentSingle",
      "unicode": "F166"
    },
    {
      "name": "InfoSolid",
      "unicode": "F167"
    },
    {
      "name": "GroupList",
      "unicode": "F168"
    },
    {
      "name": "ProgressRingDots",
      "unicode": "F16A"
    },
    {
      "name": "CaloriesAdd",
      "unicode": "F172"
    },
    {
      "name": "BranchFork",
      "unicode": "F173"
    },
    {
      "name": "MuteChat",
      "unicode": "F17A"
    },
    {
      "name": "AddHome",
      "unicode": "F17B"
    },
    {
      "name": "AddWork",
      "unicode": "F17C"
    },
    {
      "name": "MobileReport",
      "unicode": "F18A"
    },
    {
      "name": "ScaleVolume",
      "unicode": "F18C"
    },
    {
      "name": "HardDriveGroup",
      "unicode": "F18F"
    },
    {
      "name": "FastMode",
      "unicode": "F19A"
    },
    {
      "name": "ToggleLeft",
      "unicode": "F19E"
    },
    {
      "name": "ToggleRight",
      "unicode": "F19F"
    },
    {
      "name": "TriangleShape",
      "unicode": "F1A7"
    },
    {
      "name": "RectangleShape",
      "unicode": "F1A9"
    },
    {
      "name": "CubeShape",
      "unicode": "F1AA"
    },
    {
      "name": "Trophy2",
      "unicode": "F1AE"
    },
    {
      "name": "BucketColor",
      "unicode": "F1B6"
    },
    {
      "name": "BucketColorFill",
      "unicode": "F1B7"
    },
    {
      "name": "Taskboard",
      "unicode": "F1C2"
    },
    {
      "name": "SingleColumn",
      "unicode": "F1D3"
    },
    {
      "name": "DoubleColumn",
      "unicode": "F1D4"
    },
    {
      "name": "TripleColumn",
      "unicode": "F1D5"
    },
    {
      "name": "ColumnLeftTwoThirds",
      "unicode": "F1D6"
    },
    {
      "name": "ColumnRightTwoThirds",
      "unicode": "F1D7"
    },
    {
      "name": "AccessLogoFill",
      "unicode": "F1DB"
    },
    {
      "name": "AnalyticsLogo",
      "unicode": "F1DE"
    },
    {
      "name": "AnalyticsQuery",
      "unicode": "F1DF"
    },
    {
      "name": "NewAnalyticsQuery",
      "unicode": "F1E0"
    },
    {
      "name": "AnalyticsReport",
      "unicode": "F1E1"
    },
    {
      "name": "WordLogo",
      "unicode": "F1E3"
    },
    {
      "name": "WordLogoFill",
      "unicode": "F1E4"
    },
    {
      "name": "ExcelLogo",
      "unicode": "F1E5"
    },
    {
      "name": "ExcelLogoFill",
      "unicode": "F1E6"
    },
    {
      "name": "OneNoteLogo",
      "unicode": "F1E7"
    },
    {
      "name": "OneNoteLogoFill",
      "unicode": "F1E8"
    },
    {
      "name": "OutlookLogo",
      "unicode": "F1E9"
    },
    {
      "name": "OutlookLogoFill",
      "unicode": "F1EA"
    },
    {
      "name": "PowerPointLogo",
      "unicode": "F1EB"
    },
    {
      "name": "PowerPointLogoFill",
      "unicode": "F1EC"
    },
    {
      "name": "PublisherLogo",
      "unicode": "F1ED"
    },
    {
      "name": "PublisherLogoFill",
      "unicode": "F1EE"
    },
    {
      "name": "ScheduleEventAction",
      "unicode": "F1EF"
    },
    {
      "name": "FlameSolid",
      "unicode": "F1F3"
    },
    {
      "name": "ServerProcesses",
      "unicode": "F1FE"
    },
    {
      "name": "Server",
      "unicode": "F201"
    },
    {
      "name": "SaveAll",
      "unicode": "F203"
    },
    {
      "name": "LinkedInLogo",
      "unicode": "F20A"
    },
    {
      "name": "Decimals",
      "unicode": "F218"
    },
    {
      "name": "SidePanelMirrored",
      "unicode": "F221"
    },
    {
      "name": "ProtectRestrict",
      "unicode": "F22A"
    },
    {
      "name": "Blog",
      "unicode": "F22B"
    },
    {
      "name": "UnknownMirrored",
      "unicode": "F22E"
    },
    {
      "name": "PublicContactCardMirrored",
      "unicode": "F230"
    },
    {
      "name": "GridViewSmall",
      "unicode": "F232"
    },
    {
      "name": "GridViewMedium",
      "unicode": "F233"
    },
    {
      "name": "GridViewLarge",
      "unicode": "F234"
    },
    {
      "name": "Step",
      "unicode": "F241"
    },
    {
      "name": "StepInsert",
      "unicode": "F242"
    },
    {
      "name": "StepShared",
      "unicode": "F243"
    },
    {
      "name": "StepSharedAdd",
      "unicode": "F244"
    },
    {
      "name": "StepSharedInsert",
      "unicode": "F245"
    },
    {
      "name": "ViewDashboard",
      "unicode": "F246"
    },
    {
      "name": "ViewList",
      "unicode": "F247"
    }
  ]
}