{
  "fontName": "fabric-icons-2",
  "fontFamilyName": "FabricMDL2Icons-2",
  "excludeGlyphs": false,
  "excludeThirdPartyIcons": true,
  "chunkSubsets": true,
  "hashFontFileName": true,
  "subsetChunkSettings": {
    "maxSubsetSize": 100
  },
  "glyphs": [
    {
      "name": "Picture",
      "unicode": "E8B9"
    },
    {
      "name": "ChromeClose",
      "unicode": "E8BB"
    },
    {
      "name": "ShowResults",
      "unicode": "E8BC"
    },
    {
      "name": "Message",
      "unicode": "E8BD"
    },
    {
      "name": "CalendarDay",
      "unicode": "E8BF"
    },
    {
      "name": "CalendarWeek",
      "unicode": "E8C0"
    },
    {
      "name": "MailReplyAll",
      "unicode": "E8C2"
    },
    {
      "name": "Read",
      "unicode": "E8C3"
    },
    {
      "name": "Cut",
      "unicode": "E8C6"
    },
    {
      "name": "PaymentCard",
      "unicode": "E8C7"
    },
    {
      "name": "Copy",
      "unicode": "E8C8"
    },
    {
      "name": "Important",
      "unicode": "E8C9"
    },
    {
      "name": "MailReply",
      "unicode": "E8CA"
    },
    {
      "name": "GotoToday",
      "unicode": "E8D1"
    },
    {
      "name": "Font",
      "unicode": "E8D2"
    },
    {
      "name": "FontColor",
      "unicode": "E8D3"
    },
    {
      "name": "FolderFill",
      "unicode": "E8D5"
    },
    {
      "name": "Permissions",
      "unicode": "E8D7"
    },
    {
      "name": "DisableUpdates",
      "unicode": "E8D8"
    },
    {
      "name": "Unfavorite",
      "unicode": "E8D9"
    },
    {
      "name": "Italic",
      "unicode": "E8DB"
    },
    {
      "name": "Underline",
      "unicode": "E8DC"
    },
    {
      "name": "Bold",
      "unicode": "E8DD"
    },
    {
      "name": "MoveToFolder",
      "unicode": "E8DE"
    },
    {
      "name": "Dislike",
      "unicode": "E8E0"
    },
    {
      "name": "Like",
      "unicode": "E8E1"
    },
    {
      "name": "AlignCenter",
      "unicode": "E8E3"
    },
    {
      "name": "OpenFile",
      "unicode": "E8E5"
    },
    {
      "name": "ClearSelection",
      "unicode": "E8E6"
    },
    {
      "name": "FontDecrease",
      "unicode": "E8E7"
    },
    {
      "name": "FontIncrease",
      "unicode": "E8E8"
    },
    {
      "name": "FontSize",
      "unicode": "E8E9"
    },
    {
      "name": "CellPhone",
      "unicode": "E8EA"
    },
    {
      "name": "RepeatOne",
      "unicode": "E8ED"
    },
    {
      "name": "RepeatAll",
      "unicode": "E8EE"
    },
    {
      "name": "Calculator",
      "unicode": "E8EF"
    },
    {
      "name": "Library",
      "unicode": "E8F1"
    },
    {
      "name": "PostUpdate",
      "unicode": "E8F3"
    },
    {
      "name": "NewFolder",
      "unicode": "E8F4"
    },
    {
      "name": "CalendarReply",
      "unicode": "E8F5"
    },
    {
      "name": "UnsyncFolder",
      "unicode": "E8F6"
    },
    {
      "name": "SyncFolder",
      "unicode": "E8F7"
    },
    {
      "name": "BlockContact",
      "unicode": "E8F8"
    },
    {
      "name": "Accept",
      "unicode": "E8FB"
    },
    {
      "name": "BulletedList",
      "unicode": "E8FD"
    },
    {
      "name": "Preview",
      "unicode": "E8FF"
    },
    {
      "name": "News",
      "unicode": "E900"
    },
    {
      "name": "Chat",
      "unicode": "E901"
    },
    {
      "name": "Group",
      "unicode": "E902"
    },
    {
      "name": "World",
      "unicode": "E909"
    },
    {
      "name": "Comment",
      "unicode": "E90A"
    },
    {
      "name": "DockLeft",
      "unicode": "E90C"
    },
    {
      "name": "DockRight",
      "unicode": "E90D"
    },
    {
      "name": "Repair",
      "unicode": "E90F"
    },
    {
      "name": "Accounts",
      "unicode": "E910"
    },
    {
      "name": "Street",
      "unicode": "E913"
    },
    {
      "name": "RadioBullet",
      "unicode": "E915"
    },
    {
      "name": "Stopwatch",
      "unicode": "E916"
    },
    {
      "name": "Clock",
      "unicode": "E917"
    },
    {
      "name": "WorldClock",
      "unicode": "E918"
    },
    {
      "name": "AlarmClock",
      "unicode": "E919"
    },
    {
      "name": "Photo",
      "unicode": "E91B"
    },
    {
      "name": "ActionCenter",
      "unicode": "E91C"
    },
    {
      "name": "Hospital",
      "unicode": "E91D"
    },
    {
      "name": "Timer",
      "unicode": "E91E"
    },
    {
      "name": "FullCircleMask",
      "unicode": "E91F"
    },
    {
      "name": "LocationFill",
      "unicode": "E920"
    },
    {
      "name": "ChromeMinimize",
      "unicode": "E921"
    },
    {
      "name": "ChromeRestore",
      "unicode": "E923"
    },
    {
      "name": "Annotation",
      "unicode": "E924"
    },
    {
      "name": "Fingerprint",
      "unicode": "E928"
    },
    {
      "name": "Handwriting",
      "unicode": "E929"
    },
    {
      "name": "ChromeFullScreen",
      "unicode": "E92D"
    },
    {
      "name": "Completed",
      "unicode": "E930"
    },
    {
      "name": "Label",
      "unicode": "E932"
    },
    {
      "name": "FlickDown",
      "unicode": "E935"
    },
    {
      "name": "FlickUp",
      "unicode": "E936"
    },
    {
      "name": "FlickLeft",
      "unicode": "E937"
    },
    {
      "name": "FlickRight",
      "unicode": "E938"
    },
    {
      "name": "MiniExpand",
      "unicode": "E93A"
    },
    {
      "name": "MiniContract",
      "unicode": "E93B"
    },
    {
      "name": "Streaming",
      "unicode": "E93E"
    },
    {
      "name": "MusicInCollection",
      "unicode": "E940"
    },
    {
      "name": "OneDriveLogo",
      "unicode": "E941"
    },
    {
      "name": "CompassNW",
      "unicode": "E942"
    },
    {
      "name": "Code",
      "unicode": "E943"
    },
    {
      "name": "LightningBolt",
      "unicode": "E945"
    },
    {
      "name": "CalculatorMultiply",
      "unicode": "E947"
    },
    {
      "name": "CalculatorAddition",
      "unicode": "E948"
    },
    {
      "name": "CalculatorSubtract",
      "unicode": "E949"
    },
    {
      "name": "CalculatorPercentage",
      "unicode": "E94C"
    },
    {
      "name": "CalculatorEqualTo",
      "unicode": "E94E"
    },
    {
      "name": "PrintfaxPrinterFile",
      "unicode": "E956"
    },
    {
      "name": "StorageOptical",
      "unicode": "E958"
    },
    {
      "name": "Communications",
      "unicode": "E95A"
    },
    {
      "name": "Headset",
      "unicode": "E95B"
    },
    {
      "name": "Health",
      "unicode": "E95E"
    },
    {
      "name": "Webcam2",
      "unicode": "E960"
    },
    {
      "name": "FrontCamera",
      "unicode": "E96B"
    },
    {
      "name": "ChevronUpSmall",
      "unicode": "E96D"
    }
  ]
}