{
  "fontName": "fabric-icons-5",
  "fontFamilyName": "FabricMDL2Icons-5",
  "excludeGlyphs": false,
  "excludeThirdPartyIcons": true,
  "chunkSubsets": true,
  "hashFontFileName": true,
  "subsetChunkSettings": {
    "maxSubsetSize": 100
  },
  "glyphs": [
    {
      "name": "Certificate",
      "unicode": "EB95"
    },
    {
      "name": "FastForward",
      "unicode": "EB9D"
    },
    {
      "name": "Rewind",
      "unicode": "EB9E"
    },
    {
      "name": "Photo2",
      "unicode": "EB9F"
    },
    {
      "name": "OpenSource",
      "unicode": "EBC2"
    },
    {
      "name": "Movers",
      "unicode": "EBCD"
    },
    {
      "name": "CloudDownload",
      "unicode": "EBD3"
    },
    {
      "name": "Family",
      "unicode": "EBDA"
    },
    {
      "name": "WindDirection",
      "unicode": "EBE6"
    },
    {
      "name": "Bug",
      "unicode": "EBE8"
    },
    {
      "name": "SiteScan",
      "unicode": "EBEC"
    },
    {
      "name": "BrowserScreenShot",
      "unicode": "EBED"
    },
    {
      "name": "F12DevTools",
      "unicode": "EBEE"
    },
    {
      "name": "CSS",
      "unicode": "EBEF"
    },
    {
      "name": "JS",
      "unicode": "EBF0"
    },
    {
      "name": "DeliveryTruck",
      "unicode": "EBF4"
    },
    {
      "name": "ReminderPerson",
      "unicode": "EBF7"
    },
    {
      "name": "ReminderGroup",
      "unicode": "EBF8"
    },
    {
      "name": "ReminderTime",
      "unicode": "EBF9"
    },
    {
      "name": "TabletMode",
      "unicode": "EBFC"
    },
    {
      "name": "Umbrella",
      "unicode": "EC04"
    },
    {
      "name": "NetworkTower",
      "unicode": "EC05"
    },
    {
      "name": "CityNext",
      "unicode": "EC06"
    },
    {
      "name": "CityNext2",
      "unicode": "EC07"
    },
    {
      "name": "Section",
      "unicode": "EC0C"
    },
    {
      "name": "OneNoteLogoInverse",
      "unicode": "EC0D"
    },
    {
      "name": "ToggleFilled",
      "unicode": "EC11"
    },
    {
      "name": "ToggleBorder",
      "unicode": "EC12"
    },
    {
      "name": "SliderThumb",
      "unicode": "EC13"
    },
    {
      "name": "ToggleThumb",
      "unicode": "EC14"
    },
    {
      "name": "Documentation",
      "unicode": "EC17"
    },
    {
      "name": "Badge",
      "unicode": "EC1B"
    },
    {
      "name": "Giftbox",
      "unicode": "EC1F"
    },
    {
      "name": "VisualStudioLogo",
      "unicode": "EC22"
    },
    {
      "name": "HomeGroup",
      "unicode": "EC26"
    },
    {
      "name": "ExcelLogoInverse",
      "unicode": "EC28"
    },
    {
      "name": "WordLogoInverse",
      "unicode": "EC29"
    },
    {
      "name": "PowerPointLogoInverse",
      "unicode": "EC2A"
    },
    {
      "name": "Cafe",
      "unicode": "EC32"
    },
    {
      "name": "SpeedHigh",
      "unicode": "EC4A"
    },
    {
      "name": "Commitments",
      "unicode": "EC4D"
    },
    {
      "name": "ThisPC",
      "unicode": "EC4E"
    },
    {
      "name": "MusicNote",
      "unicode": "EC4F"
    },
    {
      "name": "MicOff",
      "unicode": "EC54"
    },
    {
      "name": "PlaybackRate1x",
      "unicode": "EC57"
    },
    {
      "name": "EdgeLogo",
      "unicode": "EC60"
    },
    {
      "name": "CompletedSolid",
      "unicode": "EC61"
    },
    {
      "name": "AlbumRemove",
      "unicode": "EC62"
    },
    {
      "name": "MessageFill",
      "unicode": "EC70"
    },
    {
      "name": "TabletSelected",
      "unicode": "EC74"
    },
    {
      "name": "MobileSelected",
      "unicode": "EC75"
    },
    {
      "name": "LaptopSelected",
      "unicode": "EC76"
    },
    {
      "name": "TVMonitorSelected",
      "unicode": "EC77"
    },
    {
      "name": "DeveloperTools",
      "unicode": "EC7A"
    },
    {
      "name": "Shapes",
      "unicode": "EC7C"
    },
    {
      "name": "InsertTextBox",
      "unicode": "EC7D"
    },
    {
      "name": "LowerBrightness",
      "unicode": "EC8A"
    },
    {
      "name": "WebComponents",
      "unicode": "EC8B"
    },
    {
      "name": "OfflineStorage",
      "unicode": "EC8C"
    },
    {
      "name": "DOM",
      "unicode": "EC8D"
    },
    {
      "name": "CloudUpload",
      "unicode": "EC8E"
    },
    {
      "name": "ScrollUpDown",
      "unicode": "EC8F"
    },
    {
      "name": "DateTime",
      "unicode": "EC92"
    },
    {
      "name": "Event",
      "unicode": "ECA3"
    },
    {
      "name": "Cake",
      "unicode": "ECA4"
    },
    {
      "name": "Org",
      "unicode": "ECA6"
    },
    {
      "name": "PartyLeader",
      "unicode": "ECA7"
    },
    {
      "name": "DRM",
      "unicode": "ECA8"
    },
    {
      "name": "CloudAdd",
      "unicode": "ECA9"
    },
    {
      "name": "AppIconDefault",
      "unicode": "ECAA"
    },
    {
      "name": "Photo2Add",
      "unicode": "ECAB"
    },
    {
      "name": "Photo2Remove",
      "unicode": "ECAC"
    },
    {
      "name": "Calories",
      "unicode": "ECAD"
    },
    {
      "name": "POI",
      "unicode": "ECAF"
    },
    {
      "name": "AddTo",
      "unicode": "ECC8"
    },
    {
      "name": "RadioBtnOff",
      "unicode": "ECCA"
    },
    {
      "name": "RadioBtnOn",
      "unicode": "ECCB"
    },
    {
      "name": "ExploreContent",
      "unicode": "ECCD"
    },
    {
      "name": "Product",
      "unicode": "ECDC"
    },
    {
      "name": "ProgressLoopInner",
      "unicode": "ECDE"
    },
    {
      "name": "ProgressLoopOuter",
      "unicode": "ECDF"
    },
    {
      "name": "Blocked2",
      "unicode": "ECE4"
    },
    {
      "name": "FangBody",
      "unicode": "ECEB"
    },
    {
      "name": "Toolbox",
      "unicode": "ECED"
    },
    {
      "name": "PageHeader",
      "unicode": "ECEE"
    },
    {
      "name": "ChatInviteFriend",
      "unicode": "ECFE"
    },
    {
      "name": "Brush",
      "unicode": "ECFF"
    },
    {
      "name": "Shirt",
      "unicode": "ED00"
    },
    {
      "name": "Crown",
      "unicode": "ED01"
    },
    {
      "name": "Diamond",
      "unicode": "ED02"
    },
    {
      "name": "ScaleUp",
      "unicode": "ED09"
    },
    {
      "name": "QRCode",
      "unicode": "ED14"
    },
    {
      "name": "Feedback",
      "unicode": "ED15"
    },
    {
      "name": "SharepointLogoInverse",
      "unicode": "ED18"
    },
    {
      "name": "YammerLogo",
      "unicode": "ED19"
    },
    {
      "name": "Hide",
      "unicode": "ED1A"
    },
    {
      "name": "Uneditable",
      "unicode": "ED1D"
    },
    {
      "name": "ReturnToSession",
      "unicode": "ED24"
    },
    {
      "name": "OpenFolderHorizontal",
      "unicode": "ED25"
    },
    {
      "name": "CalendarMirrored",
      "unicode": "ED28"
    }
  ]
}