{
  "fontName": "fabric-icons-7",
  "fontFamilyName": "FabricMDL2Icons-7",
  "excludeGlyphs": false,
  "excludeThirdPartyIcons": true,
  "chunkSubsets": true,
  "hashFontFileName": true,
  "subsetChunkSettings": {
    "maxSubsetSize": 100
  },
  "glyphs": [
    {
      "name": "SingleBookmark",
      "unicode": "EDFF"
    },
    {
      "name": "SingleBookmarkSolid",
      "unicode": "EE00"
    },
    {
      "name": "DoubleChevronDown",
      "unicode": "EE04"
    },
    {
      "name": "FollowUser",
      "unicode": "EE05"
    },
    {
      "name": "ReplyAll",
      "unicode": "EE0A"
    },
    {
      "name": "WorkforceManagement",
      "unicode": "EE0F"
    },
    {
      "name": "RecruitmentManagement",
      "unicode": "EE12"
    },
    {
      "name": "Questionnaire",
      "unicode": "EE19"
    },
    {
      "name": "ManagerSelfService",
      "unicode": "EE23"
    },
    {
      "name": "ProductionFloorManagement",
      "unicode": "EE29"
    },
    {
      "name": "ProductRelease",
      "unicode": "EE2E"
    },
    {
      "name": "ProductVariant",
      "unicode": "EE30"
    },
    {
      "name": "ReplyMirrored",
      "unicode": "EE35"
    },
    {
      "name": "ReplyAllMirrored",
      "unicode": "EE36"
    },
    {
      "name": "Medal",
      "unicode": "EE38"
    },
    {
      "name": "AddGroup",
      "unicode": "EE3D"
    },
    {
      "name": "QuestionnaireMirrored",
      "unicode": "EE4B"
    },
    {
      "name": "CloudImportExport",
      "unicode": "EE55"
    },
    {
      "name": "TemporaryUser",
      "unicode": "EE58"
    },
    {
      "name": "CaretSolid16",
      "unicode": "EE62"
    },
    {
      "name": "GroupedDescending",
      "unicode": "EE66"
    },
    {
      "name": "GroupedAscending",
      "unicode": "EE67"
    },
    {
      "name": "AwayStatus",
      "unicode": "EE6A"
    },
    {
      "name": "MyMoviesTV",
      "unicode": "EE6C"
    },
    {
      "name": "GenericScan",
      "unicode": "EE6F"
    },
    {
      "name": "AustralianRules",
      "unicode": "EE70"
    },
    {
      "name": "WifiEthernet",
      "unicode": "EE77"
    },
    {
      "name": "TrackersMirrored",
      "unicode": "EE92"
    },
    {
      "name": "DateTimeMirrored",
      "unicode": "EE93"
    },
    {
      "name": "StopSolid",
      "unicode": "EE95"
    },
    {
      "name": "DoubleChevronUp12",
      "unicode": "EE96"
    },
    {
      "name": "DoubleChevronDown12",
      "unicode": "EE97"
    },
    {
      "name": "DoubleChevronLeft12",
      "unicode": "EE98"
    },
    {
      "name": "DoubleChevronRight12",
      "unicode": "EE99"
    },
    {
      "name": "CalendarAgenda",
      "unicode": "EE9A"
    },
    {
      "name": "ConnectVirtualMachine",
      "unicode": "EE9D"
    },
    {
      "name": "AddEvent",
      "unicode": "EEB5"
    },
    {
      "name": "AssetLibrary",
      "unicode": "EEB6"
    },
    {
      "name": "DataConnectionLibrary",
      "unicode": "EEB7"
    },
    {
      "name": "DocLibrary",
      "unicode": "EEB8"
    },
    {
      "name": "FormLibrary",
      "unicode": "EEB9"
    },
    {
      "name": "FormLibraryMirrored",
      "unicode": "EEBA"
    },
    {
      "name": "ReportLibrary",
      "unicode": "EEBB"
    },
    {
      "name": "ReportLibraryMirrored",
      "unicode": "EEBC"
    },
    {
      "name": "ContactCard",
      "unicode": "EEBD"
    },
    {
      "name": "CustomList",
      "unicode": "EEBE"
    },
    {
      "name": "CustomListMirrored",
      "unicode": "EEBF"
    },
    {
      "name": "IssueTracking",
      "unicode": "EEC0"
    },
    {
      "name": "IssueTrackingMirrored",
      "unicode": "EEC1"
    },
    {
      "name": "PictureLibrary",
      "unicode": "EEC2"
    },
    {
      "name": "OfficeAddinsLogo",
      "unicode": "EEC7"
    },
    {
      "name": "OfflineOneDriveParachute",
      "unicode": "EEC8"
    },
    {
      "name": "OfflineOneDriveParachuteDisabled",
      "unicode": "EEC9"
    },
    {
      "name": "TriangleSolidUp12",
      "unicode": "EECC"
    },
    {
      "name": "TriangleSolidDown12",
      "unicode": "EECD"
    },
    {
      "name": "TriangleSolidLeft12",
      "unicode": "EECE"
    },
    {
      "name": "TriangleSolidRight12",
      "unicode": "EECF"
    },
    {
      "name": "TriangleUp12",
      "unicode": "EED0"
    },
    {
      "name": "TriangleDown12",
      "unicode": "EED1"
    },
    {
      "name": "TriangleLeft12",
      "unicode": "EED2"
    },
    {
      "name": "TriangleRight12",
      "unicode": "EED3"
    },
    {
      "name": "ArrowUpRight8",
      "unicode": "EED4"
    },
    {
      "name": "ArrowDownRight8",
      "unicode": "EED5"
    },
    {
      "name": "DocumentSet",
      "unicode": "EED6"
    },
    {
      "name": "GoToDashboard",
      "unicode": "EEED"
    },
    {
      "name": "DelveAnalytics",
      "unicode": "EEEE"
    },
    {
      "name": "ArrowUpRightMirrored8",
      "unicode": "EEEF"
    },
    {
      "name": "ArrowDownRightMirrored8",
      "unicode": "EEF0"
    },
    {
      "name": "CompanyDirectory",
      "unicode": "EF0D"
    },
    {
      "name": "OpenEnrollment",
      "unicode": "EF1C"
    },
    {
      "name": "CompanyDirectoryMirrored",
      "unicode": "EF2B"
    },
    {
      "name": "OneDriveAdd",
      "unicode": "EF32"
    },
    {
      "name": "ProfileSearch",
      "unicode": "EF35"
    },
    {
      "name": "Header2",
      "unicode": "EF36"
    },
    {
      "name": "Header3",
      "unicode": "EF37"
    },
    {
      "name": "Header4",
      "unicode": "EF38"
    },
    {
      "name": "RingerSolid",
      "unicode": "EF3A"
    },
    {
      "name": "Eyedropper",
      "unicode": "EF3C"
    },
    {
      "name": "MarketDown",
      "unicode": "EF42"
    },
    {
      "name": "CalendarWorkWeek",
      "unicode": "EF51"
    },
    {
      "name": "SidePanel",
      "unicode": "EF52"
    },
    {
      "name": "GlobeFavorite",
      "unicode": "EF53"
    },
    {
      "name": "CaretTopLeftSolid8",
      "unicode": "EF54"
    },
    {
      "name": "CaretTopRightSolid8",
      "unicode": "EF55"
    },
    {
      "name": "ViewAll2",
      "unicode": "EF56"
    },
    {
      "name": "DocumentReply",
      "unicode": "EF57"
    },
    {
      "name": "PlayerSettings",
      "unicode": "EF58"
    },
    {
      "name": "ReceiptForward",
      "unicode": "EF59"
    },
    {
      "name": "ReceiptReply",
      "unicode": "EF5A"
    },
    {
      "name": "ReceiptCheck",
      "unicode": "EF5B"
    },
    {
      "name": "Fax",
      "unicode": "EF5C"
    },
    {
      "name": "RecurringEvent",
      "unicode": "EF5D"
    },
    {
      "name": "ReplyAlt",
      "unicode": "EF5E"
    },
    {
      "name": "ReplyAllAlt",
      "unicode": "EF5F"
    },
    {
      "name": "EditStyle",
      "unicode": "EF60"
    },
    {
      "name": "EditMail",
      "unicode": "EF61"
    },
    {
      "name": "Lifesaver",
      "unicode": "EF62"
    },
    {
      "name": "LifesaverLock",
      "unicode": "EF63"
    },
    {
      "name": "InboxCheck",
      "unicode": "EF64"
    },
    {
      "name": "FolderSearch",
      "unicode": "EF65"
    }
  ]
}