{
  "fontName": "fabric-icons-0",
  "fontFamilyName": "FabricMDL2Icons-0",
  "excludeGlyphs": false,
  "excludeThirdPartyIcons": true,
  "chunkSubsets": true,
  "hashFontFileName": true,
  "subsetChunkSettings": {
    "maxSubsetSize": 100
  },
  "glyphs": [
    {
      "name": "PageLink",
      "unicode": "E302"
    },
    {
      "name": "CommentSolid",
      "unicode": "E30E"
    },
    {
      "name": "ChangeEntitlements",
      "unicode": "E310"
    },
    {
      "name": "Installation",
      "unicode": "E311"
    },
    {
      "name": "WebAppBuilderModule",
      "unicode": "E313"
    },
    {
      "name": "WebAppBuilderFragment",
      "unicode": "E314"
    },
    {
      "name": "WebAppBuilderSlot",
      "unicode": "E315"
    },
    {
      "name": "BullseyeTargetEdit",
      "unicode": "E319"
    },
    {
      "name": "WebAppBuilderFragmentCreate",
      "unicode": "E31B"
    },
    {
      "name": "PageData",
      "unicode": "E31C"
    },
    {
      "name": "PageHeaderEdit",
      "unicode": "E31D"
    },
    {
      "name": "ProductList",
      "unicode": "E31E"
    },
    {
      "name": "UnpublishContent",
      "unicode": "E31F"
    },
    {
      "name": "DependencyAdd",
      "unicode": "E344"
    },
    {
      "name": "DependencyRemove",
      "unicode": "E345"
    },
    {
      "name": "EntitlementPolicy",
      "unicode": "E346"
    },
    {
      "name": "EntitlementRedemption",
      "unicode": "E347"
    },
    {
      "name": "SchoolDataSyncLogo",
      "unicode": "E34C"
    },
    {
      "name": "PinSolid12",
      "unicode": "E352"
    },
    {
      "name": "PinSolidOff12",
      "unicode": "E353"
    },
    {
      "name": "AddLink",
      "unicode": "E35E"
    },
    {
      "name": "SharepointAppIcon16",
      "unicode": "E365"
    },
    {
      "name": "DataflowsLink",
      "unicode": "E366"
    },
    {
      "name": "TimePicker",
      "unicode": "E367"
    },
    {
      "name": "UserWarning",
      "unicode": "E368"
    },
    {
      "name": "ComplianceAudit",
      "unicode": "E369"
    },
    {
      "name": "InternetSharing",
      "unicode": "E704"
    },
    {
      "name": "Brightness",
      "unicode": "E706"
    },
    {
      "name": "MapPin",
      "unicode": "E707"
    },
    {
      "name": "Airplane",
      "unicode": "E709"
    },
    {
      "name": "Tablet",
      "unicode": "E70A"
    },
    {
      "name": "QuickNote",
      "unicode": "E70B"
    },
    {
      "name": "Video",
      "unicode": "E714"
    },
    {
      "name": "People",
      "unicode": "E716"
    },
    {
      "name": "Phone",
      "unicode": "E717"
    },
    {
      "name": "Pin",
      "unicode": "E718"
    },
    {
      "name": "Shop",
      "unicode": "E719"
    },
    {
      "name": "Stop",
      "unicode": "E71A"
    },
    {
      "name": "Link",
      "unicode": "E71B"
    },
    {
      "name": "AllApps",
      "unicode": "E71D"
    },
    {
      "name": "Zoom",
      "unicode": "E71E"
    },
    {
      "name": "ZoomOut",
      "unicode": "E71F"
    },
    {
      "name": "Microphone",
      "unicode": "E720"
    },
    {
      "name": "Camera",
      "unicode": "E722"
    },
    {
      "name": "Attach",
      "unicode": "E723"
    },
    {
      "name": "Send",
      "unicode": "E724"
    },
    {
      "name": "FavoriteList",
      "unicode": "E728"
    },
    {
      "name": "PageSolid",
      "unicode": "E729"
    },
    {
      "name": "Forward",
      "unicode": "E72A"
    },
    {
      "name": "Back",
      "unicode": "E72B"
    },
    {
      "name": "Refresh",
      "unicode": "E72C"
    },
    {
      "name": "Lock",
      "unicode": "E72E"
    },
    {
      "name": "ReportHacked",
      "unicode": "E730"
    },
    {
      "name": "EMI",
      "unicode": "E731"
    },
    {
      "name": "MiniLink",
      "unicode": "E732"
    },
    {
      "name": "Blocked",
      "unicode": "E733"
    },
    {
      "name": "ReadingMode",
      "unicode": "E736"
    },
    {
      "name": "Favicon",
      "unicode": "E737"
    },
    {
      "name": "Remove",
      "unicode": "E738"
    },
    {
      "name": "Checkbox",
      "unicode": "E739"
    },
    {
      "name": "CheckboxComposite",
      "unicode": "E73A"
    },
    {
      "name": "CheckboxFill",
      "unicode": "E73B"
    },
    {
      "name": "CheckboxIndeterminate",
      "unicode": "E73C"
    },
    {
      "name": "CheckboxCompositeReversed",
      "unicode": "E73D"
    },
    {
      "name": "BackToWindow",
      "unicode": "E73F"
    },
    {
      "name": "FullScreen",
      "unicode": "E740"
    },
    {
      "name": "Print",
      "unicode": "E749"
    },
    {
      "name": "Up",
      "unicode": "E74A"
    },
    {
      "name": "Down",
      "unicode": "E74B"
    },
    {
      "name": "OEM",
      "unicode": "E74C"
    },
    {
      "name": "Save",
      "unicode": "E74E"
    },
    {
      "name": "ReturnKey",
      "unicode": "E751"
    },
    {
      "name": "Cloud",
      "unicode": "E753"
    },
    {
      "name": "Flashlight",
      "unicode": "E754"
    },
    {
      "name": "CommandPrompt",
      "unicode": "E756"
    },
    {
      "name": "Sad",
      "unicode": "E757"
    },
    {
      "name": "RealEstate",
      "unicode": "E758"
    },
    {
      "name": "SIPMove",
      "unicode": "E759"
    },
    {
      "name": "EraseTool",
      "unicode": "E75C"
    },
    {
      "name": "GripperTool",
      "unicode": "E75E"
    },
    {
      "name": "Dialpad",
      "unicode": "E75F"
    },
    {
      "name": "PageLeft",
      "unicode": "E760"
    },
    {
      "name": "PageRight",
      "unicode": "E761"
    },
    {
      "name": "MultiSelect",
      "unicode": "E762"
    },
    {
      "name": "KeyboardClassic",
      "unicode": "E765"
    },
    {
      "name": "Play",
      "unicode": "E768"
    },
    {
      "name": "Pause",
      "unicode": "E769"
    },
    {
      "name": "InkingTool",
      "unicode": "E76D"
    },
    {
      "name": "Emoji2",
      "unicode": "E76E"
    },
    {
      "name": "GripperBarHorizontal",
      "unicode": "E76F"
    },
    {
      "name": "System",
      "unicode": "E770"
    },
    {
      "name": "Personalize",
      "unicode": "E771"
    },
    {
      "name": "SearchAndApps",
      "unicode": "E773"
    },
    {
      "name": "Globe",
      "unicode": "E774"
    },
    {
      "name": "EaseOfAccess",
      "unicode": "E776"
    },
    {
      "name": "ContactInfo",
      "unicode": "E779"
    },
    {
      "name": "Unpin",
      "unicode": "E77A"
    },
    {
      "name": "Contact",
      "unicode": "E77B"
    },
    {
      "name": "Memo",
      "unicode": "E77C"
    },
    {
      "name": "IncomingCall",
      "unicode": "E77E"
    }
  ]
}