{
  "fontName": "fabric-icons-1",
  "fontFamilyName": "FabricMDL2Icons-1",
  "excludeGlyphs": false,
  "excludeThirdPartyIcons": true,
  "chunkSubsets": true,
  "hashFontFileName": true,
  "subsetChunkSettings": {
    "maxSubsetSize": 100
  },
  "glyphs": [
    {
      "name": "Paste",
      "unicode": "E77F"
    },
    {
      "name": "WindowsLogo",
      "unicode": "E782"
    },
    {
      "name": "Error",
      "unicode": "E783"
    },
    {
      "name": "GripperBarVertical",
      "unicode": "E784"
    },
    {
      "name": "Unlock",
      "unicode": "E785"
    },
    {
      "name": "Slideshow",
      "unicode": "E786"
    },
    {
      "name": "Trim",
      "unicode": "E78A"
    },
    {
      "name": "AutoEnhanceOn",
      "unicode": "E78D"
    },
    {
      "name": "AutoEnhanceOff",
      "unicode": "E78E"
    },
    {
      "name": "Color",
      "unicode": "E790"
    },
    {
      "name": "SaveAs",
      "unicode": "E792"
    },
    {
      "name": "Light",
      "unicode": "E793"
    },
    {
      "name": "Filters",
      "unicode": "E795"
    },
    {
      "name": "AspectRatio",
      "unicode": "E799"
    },
    {
      "name": "Contrast",
      "unicode": "E7A1"
    },
    {
      "name": "Redo",
      "unicode": "E7A6"
    },
    {
      "name": "Crop",
      "unicode": "E7A8"
    },
    {
      "name": "PhotoCollection",
      "unicode": "E7AA"
    },
    {
      "name": "Album",
      "unicode": "E7AB"
    },
    {
      "name": "Rotate",
      "unicode": "E7AD"
    },
    {
      "name": "PanoIndicator",
      "unicode": "E7B0"
    },
    {
      "name": "Translate",
      "unicode": "E7B2"
    },
    {
      "name": "RedEye",
      "unicode": "E7B3"
    },
    {
      "name": "ViewOriginal",
      "unicode": "E7B4"
    },
    {
      "name": "ThumbnailView",
      "unicode": "E7B6"
    },
    {
      "name": "Package",
      "unicode": "E7B8"
    },
    {
      "name": "Telemarketer",
      "unicode": "E7B9"
    },
    {
      "name": "Warning",
      "unicode": "E7BA"
    },
    {
      "name": "Financial",
      "unicode": "E7BB"
    },
    {
      "name": "Education",
      "unicode": "E7BE"
    },
    {
      "name": "ShoppingCart",
      "unicode": "E7BF"
    },
    {
      "name": "Train",
      "unicode": "E7C0"
    },
    {
      "name": "Move",
      "unicode": "E7C2"
    },
    {
      "name": "TouchPointer",
      "unicode": "E7C9"
    },
    {
      "name": "Merge",
      "unicode": "E7D5"
    },
    {
      "name": "TurnRight",
      "unicode": "E7DB"
    },
    {
      "name": "Ferry",
      "unicode": "E7E3"
    },
    {
      "name": "Highlight",
      "unicode": "E7E6"
    },
    {
      "name": "PowerButton",
      "unicode": "E7E8"
    },
    {
      "name": "Tab",
      "unicode": "E7E9"
    },
    {
      "name": "Admin",
      "unicode": "E7EF"
    },
    {
      "name": "TVMonitor",
      "unicode": "E7F4"
    },
    {
      "name": "Speakers",
      "unicode": "E7F5"
    },
    {
      "name": "Game",
      "unicode": "E7FC"
    },
    {
      "name": "HorizontalTabKey",
      "unicode": "E7FD"
    },
    {
      "name": "UnstackSelected",
      "unicode": "E7FE"
    },
    {
      "name": "StackIndicator",
      "unicode": "E7FF"
    },
    {
      "name": "Nav2DMapView",
      "unicode": "E800"
    },
    {
      "name": "StreetsideSplitMinimize",
      "unicode": "E802"
    },
    {
      "name": "Car",
      "unicode": "E804"
    },
    {
      "name": "Bus",
      "unicode": "E806"
    },
    {
      "name": "EatDrink",
      "unicode": "E807"
    },
    {
      "name": "SeeDo",
      "unicode": "E808"
    },
    {
      "name": "LocationCircle",
      "unicode": "E80E"
    },
    {
      "name": "Home",
      "unicode": "E80F"
    },
    {
      "name": "SwitcherStartEnd",
      "unicode": "E810"
    },
    {
      "name": "ParkingLocation",
      "unicode": "E811"
    },
    {
      "name": "IncidentTriangle",
      "unicode": "E814"
    },
    {
      "name": "Touch",
      "unicode": "E815"
    },
    {
      "name": "MapDirections",
      "unicode": "E816"
    },
    {
      "name": "CaretHollow",
      "unicode": "E817"
    },
    {
      "name": "CaretSolid",
      "unicode": "E818"
    },
    {
      "name": "History",
      "unicode": "E81C"
    },
    {
      "name": "Location",
      "unicode": "E81D"
    },
    {
      "name": "MapLayers",
      "unicode": "E81E"
    },
    {
      "name": "SearchNearby",
      "unicode": "E820"
    },
    {
      "name": "Work",
      "unicode": "E821"
    },
    {
      "name": "Recent",
      "unicode": "E823"
    },
    {
      "name": "Hotel",
      "unicode": "E824"
    },
    {
      "name": "Bank",
      "unicode": "E825"
    },
    {
      "name": "LocationDot",
      "unicode": "E827"
    },
    {
      "name": "Dictionary",
      "unicode": "E82D"
    },
    {
      "name": "ChromeBack",
      "unicode": "E830"
    },
    {
      "name": "FolderOpen",
      "unicode": "E838"
    },
    {
      "name": "PinnedFill",
      "unicode": "E842"
    },
    {
      "name": "RevToggleKey",
      "unicode": "E845"
    },
    {
      "name": "USB",
      "unicode": "E88E"
    },
    {
      "name": "Previous",
      "unicode": "E892"
    },
    {
      "name": "Next",
      "unicode": "E893"
    },
    {
      "name": "Sync",
      "unicode": "E895"
    },
    {
      "name": "Help",
      "unicode": "E897"
    },
    {
      "name": "Emoji",
      "unicode": "E899"
    },
    {
      "name": "MailForward",
      "unicode": "E89C"
    },
    {
      "name": "ClosePane",
      "unicode": "E89F"
    },
    {
      "name": "OpenPane",
      "unicode": "E8A0"
    },
    {
      "name": "PreviewLink",
      "unicode": "E8A1"
    },
    {
      "name": "ZoomIn",
      "unicode": "E8A3"
    },
    {
      "name": "Bookmarks",
      "unicode": "E8A4"
    },
    {
      "name": "Document",
      "unicode": "E8A5"
    },
    {
      "name": "ProtectedDocument",
      "unicode": "E8A6"
    },
    {
      "name": "OpenInNewWindow",
      "unicode": "E8A7"
    },
    {
      "name": "MailFill",
      "unicode": "E8A8"
    },
    {
      "name": "ViewAll",
      "unicode": "E8A9"
    },
    {
      "name": "Switch",
      "unicode": "E8AB"
    },
    {
      "name": "Rename",
      "unicode": "E8AC"
    },
    {
      "name": "Go",
      "unicode": "E8AD"
    },
    {
      "name": "Remote",
      "unicode": "E8AF"
    },
    {
      "name": "SelectAll",
      "unicode": "E8B3"
    },
    {
      "name": "Orientation",
      "unicode": "E8B4"
    },
    {
      "name": "Import",
      "unicode": "E8B5"
    }
  ]
}