﻿<?xml version="1.0" encoding="utf-8"?>
<ImportExportXml xmlns:xsi="http://www.w3.org/2001/XMLSchema-instance">
  <Entities />
  <Roles />
  <Workflows />
  <FieldSecurityProfiles />
  <Templates />
  <EntityMaps />
  <EntityRelationships />
  <OrganizationSettings />
  <optionsets />
  <CustomControls>
    <CustomControl>
      <Name>cjs_CJSoftLabs.DynamicFormBuilderControl</Name>
      <FileName>/Controls/cjs_CJSoftLabs.DynamicFormBuilderControl/ControlManifest.xml</FileName>
    </CustomControl>
    <CustomControl>
      <Name>cjs_CJSoftLabs.DynamicFormControl</Name>
      <FileName>/Controls/cjs_CJSoftLabs.DynamicFormControl/ControlManifest.xml</FileName>
    </CustomControl>
    <CustomControl>
      <Name>cjs_CJSoftLabs.NotesControl</Name>
      <FileName>/Controls/cjs_CJSoftLabs.NotesControl/ControlManifest.xml</FileName>
    </CustomControl>
  </CustomControls>
  <SolutionPluginAssemblies />
  <EntityDataProviders />
  <Languages>
    <Language>1033</Language>
  </Languages>
</ImportExportXml>