<?xml version="1.0" encoding="UTF-8" standalone="yes"?>
<manifest>
  <control namespace="CJSoftLabs" constructor="NotesControl" version="1.0.10" display-name-key="NotesControl" description-key="NotesControl description" control-type="standard" api-version="1.3.16">
    <external-service-usage enabled="false"/>
    <property name="NotesJsonData" display-name-key="Notes Data (JSON)" description-key="Notes Data (JSON)" of-type="Multiple" usage="bound" required="true"/>
    <property name="AddNoteBackground" display-name-key="Add Note Background" description-key="Background color of the add/edit note section" of-type="SingleLine.Text" usage="input" required="false"/>
    <property name="ShowAddNoteBorder" display-name-key="Show Add Note Border" description-key="Show border of the add/edit note section" of-type="TwoOptions" usage="input" required="false" default-value="false"/>
    <property name="AddNoteTextColor" display-name-key="Add Note Text Color" description-key="Text color of the add/edit note section" of-type="SingleLine.Text" usage="input" required="false"/>
    <property name="AddNoteText" display-name-key="Add Note Text" description-key="Text of the add/edit note section" of-type="Multiple" usage="input" required="false"/>
    <property name="AddNoteTextForeground" display-name-key="Add Note Text Foreground" description-key="Text color of the add/edit note section" of-type="SingleLine.Text" usage="input" required="false"/>
    <property name="AddNoteTagBackground" display-name-key="Add Note Tag Background" description-key="Background color of the add/edit note section" of-type="SingleLine.Text" usage="input" required="false"/>
    <property name="AddNoteTagSelectedBackground" display-name-key="Add Note Tag Selected Background" description-key="Background color of the selected tag in the add/edit note section" of-type="SingleLine.Text" usage="input" required="false"/>
    <property name="AddNoteTagForeground" display-name-key="Add Note Tag Foreground" description-key="Text color of the tag in the add/edit note section" of-type="SingleLine.Text" usage="input" required="false"/>
    <property name="NotesBackground" display-name-key="Notes Background" description-key="Background color of the notes Component" of-type="SingleLine.Text" usage="input" required="false"/>
    <property name="NotesPivotText" display-name-key="Notes Pivot Text" description-key="Text of the notes Pivot" of-type="SingleLine.Text" usage="input" required="false"/>
    <property name="NotesPivotBackground" display-name-key="Notes Pivot Background" description-key="Background color of the notes Pivot" of-type="SingleLine.Text" usage="input" required="false"/>
    <property name="NotesPivotForeground" display-name-key="Notes Pivot Foreground" description-key="Text color of the notes Pivot" of-type="SingleLine.Text" usage="input" required="false"/>
    <property name="NoteBackground" display-name-key="Note Background" description-key="Background color of an individual note" of-type="SingleLine.Text" usage="input" required="false"/>
    <property name="NoteForeground" display-name-key="Note Foreground" description-key="Text color of an individual note" of-type="SingleLine.Text" usage="input" required="false"/>
    <property name="NoteTagForeground" display-name-key="Note Tag Foreground" description-key="Text color of a tag in an individual note" of-type="SingleLine.Text" usage="input" required="false"/>
    <property name="NoteTagBackground" display-name-key="Note Tag Background" description-key="Background color of a tag in an individual note" of-type="SingleLine.Text" usage="input" required="false"/>
    <property name="HintBackground" display-name-key="Hint Background" description-key="Background color of the hint Component" of-type="SingleLine.Text" usage="input" required="false"/>
    <property name="HintBorderColor" display-name-key="Hint Border Color" description-key="Border color of the hint Component" of-type="SingleLine.Text" usage="input" required="false"/>
    <property name="HintIconColor" display-name-key="Hint Icon Color" description-key="Icon color of the hint Component" of-type="SingleLine.Text" usage="input" required="false"/>
    <property name="HintIconSize" display-name-key="Hint Icon Size" description-key="Icon size of the hint Component" of-type="Whole.None" usage="input" required="false"/>
    <property name="HintIconName" display-name-key="Hint Icon Name" description-key="Icon name of the hint Component" of-type="SingleLine.Text" usage="input" required="false"/>
    <property name="HintMessage" display-name-key="Hint Message" description-key="Message of the hint Component" of-type="Multiple" usage="input" required="false"/>
    <property name="IsHintMessageHtml" display-name-key="Is Hint Message HTML" description-key="Is the hint message html" of-type="TwoOptions" usage="input" required="false" default-value="false"/>
    <property name="ShowHintBorder" display-name-key="Show Hint Border" description-key="Show border of the hint Component" of-type="TwoOptions" usage="input" required="false" default-value="false"/>
    <property name="HintTextColor" display-name-key="Hint Text Color" description-key="Text color of the hint Component" of-type="SingleLine.Text" usage="input" required="false"/>
    <property name="Width" display-name-key="Width" description-key="Width of the notes Component" of-type="Whole.None" usage="input" required="false"/>
    <property name="Height" display-name-key="Height" description-key="Height of the notes Component" of-type="Whole.None" usage="input" required="false"/>
    <property name="NotesSectionBorderColor" display-name-key="Notes Section Border Color" description-key="Border color of the section with the list of notes" of-type="SingleLine.Text" usage="input" required="false"/>
    <property name="ShowNotesSectionBorder" display-name-key="Show Notes Section Border" description-key="Show border of the section with the list of notes" of-type="TwoOptions" usage="input" required="false" default-value="false"/>
    <property name="NotesSectionHeight" display-name-key="Notes Section Height" description-key="Height of the section with the list of notes" of-type="Whole.None" usage="input" required="false"/>
    <property name="AvailableTags" display-name-key="Available Tags (JSON Array)" description-key="List of available tags (JSON Array)" of-type="Multiple" usage="input" required="false"/>
    <property name="ShowHintComponent" display-name-key="Show Hint Component" description-key="Show the hint Component" of-type="TwoOptions" usage="input" required="false" default-value="false"/>
    <property name="HintSectionHeight" display-name-key="Hint Section Height" description-key="Height of the section with the hint Component" of-type="Whole.None" usage="input" required="false"/>
    <property name="TagSectionHeight" display-name-key="Tag Section Height" description-key="Height for tags in the add/edit note section" of-type="Whole.None" usage="input" required="false"/>
    <resources>
      <code path="bundle.js" order="1"/>
    </resources>
    <feature-usage>
      <uses-feature name="WebAPI" required="true"/>
    </feature-usage>
    <built-by name="pac" version="1.43.6"/>
  </control>
</manifest>