<?xml version="1.0" encoding="UTF-8" standalone="yes"?>
<manifest>
  <control namespace="CJSoftLabs" constructor="DynamicFormControl" version="1.0.14" display-name-key="DynamicFormControl" description-key="DynamicFormControl description" control-type="standard" api-version="1.3.16">
    <external-service-usage enabled="false"/>
    <property name="ControlJsonData" display-name-key="Control Data (JSON)" description-key="Control Data (JSON)" of-type="Multiple" usage="bound" required="true"/>
    <property name="ControlUiJsonData" display-name-key="Control UI Data (JSON)" description-key="Control UI Data (JSON)" of-type="Multiple" usage="input" required="true"/>
    <property name="ComponentTypes" display-name-key="Component Types" description-key="Component Types" of-type="Multiple" usage="input" required="true"/>
    <property name="EntityConfigs" display-name-key="Entity Configs" description-key="Entity Configs" of-type="Multiple" usage="input" required="true"/>
    <property name="OperatorOptionsByType" display-name-key="Operator Options" description-key="Operator Options" of-type="Multiple" usage="input" required="true"/>
    <property name="EnableAutoSave" display-name-key="Enable Auto Save" description-key="Enable Auto Save" of-type="TwoOptions" usage="input" required="false" default-value="false"/>
    <property name="EnableExportImport" display-name-key="Enable Export/Import" description-key="Enable Export/Import" of-type="TwoOptions" usage="input" required="false" default-value="true"/>
    <property name="InIsSubmitted" display-name-key="Is Submitted" description-key="Is Submitted" of-type="TwoOptions" usage="input" required="false" default-value="true"/>
    <property name="OutIsSubmitted" display-name-key="Is Submitted" description-key="Is Submitted" of-type="TwoOptions" usage="output" required="false"/>
    <resources>
      <code path="bundle.js" order="1"/>
    </resources>
    <feature-usage>
      <uses-feature name="WebAPI" required="true"/>
    </feature-usage>
    <built-by name="pac" version="1.43.6"/>
  </control>
</manifest>