<ImportExportXml xmlns:xsi="http://www.w3.org/2001/XMLSchema-instance">
  <Entities>
    <Entity>
      <Name LocalizedName="Account" OriginalName="">Account</Name>
      <EntityInfo>
        <entity Name="Account" unmodified="1">
          <attributes />
        </entity>
      </EntityInfo>
      <RibbonDiffXml>
        <CustomActions />
        <Templates>
          <RibbonTemplates Id="Mscrm.Templates"></RibbonTemplates>
        </Templates>
        <CommandDefinitions />
        <RuleDefinitions>
          <TabDisplayRules />
          <DisplayRules />
          <EnableRules />
        </RuleDefinitions>
        <LocLabels />
      </RibbonDiffXml>
    </Entity>
    <Entity>
      <Name LocalizedName="Post Activity" OriginalName="Post Activity">cjs_postactivity</Name>
      <EntityInfo>
        <entity Name="cjs_postactivity">
          <LocalizedNames>
            <LocalizedName description="Post Activity" languagecode="1033" />
          </LocalizedNames>
          <LocalizedCollectionNames>
            <LocalizedCollectionName description="Post Activities" languagecode="1033" />
          </LocalizedCollectionNames>
          <Descriptions>
            <Description description="" languagecode="1033" />
          </Descriptions>
          <attributes>
            <attribute PhysicalName="cjs_accountid">
              <Type>lookup</Type>
              <Name>cjs_accountid</Name>
              <LogicalName>cjs_accountid</LogicalName>
              <RequiredLevel>none</RequiredLevel>
              <DisplayMask>ValidForAdvancedFind|ValidForForm|ValidForGrid</DisplayMask>
              <ImeMode>auto</ImeMode>
              <ValidForUpdateApi>1</ValidForUpdateApi>
              <ValidForReadApi>1</ValidForReadApi>
              <ValidForCreateApi>1</ValidForCreateApi>
              <IsCustomField>1</IsCustomField>
              <IsAuditEnabled>0</IsAuditEnabled>
              <IsSecured>0</IsSecured>
              <IntroducedVersion>1.0.0.0</IntroducedVersion>
              <IsCustomizable>1</IsCustomizable>
              <IsRenameable>1</IsRenameable>
              <CanModifySearchSettings>1</CanModifySearchSettings>
              <CanModifyRequirementLevelSettings>1</CanModifyRequirementLevelSettings>
              <CanModifyAdditionalSettings>1</CanModifyAdditionalSettings>
              <SourceType>0</SourceType>
              <IsGlobalFilterEnabled>0</IsGlobalFilterEnabled>
              <IsSortableEnabled>0</IsSortableEnabled>
              <CanModifyGlobalFilterSettings>1</CanModifyGlobalFilterSettings>
              <CanModifyIsSortableSettings>1</CanModifyIsSortableSettings>
              <ExternalName>cjs_accountid</ExternalName>
              <IsDataSourceSecret>0</IsDataSourceSecret>
              <AutoNumberFormat></AutoNumberFormat>
              <IsSearchable>1</IsSearchable>
              <IsFilterable>0</IsFilterable>
              <IsRetrievable>1</IsRetrievable>
              <IsLocalizable>0</IsLocalizable>
              <LookupStyle>single</LookupStyle>
              <LookupTypes />
              <displaynames>
                <displayname description="AccountId" languagecode="1033" />
              </displaynames>
              <Descriptions>
                <Description description="Unique identifier for Account associated with Post Activity." languagecode="1033" />
              </Descriptions>
            </attribute>
            <attribute PhysicalName="cjs_body">
              <Type>ntext</Type>
              <Name>cjs_body</Name>
              <LogicalName>cjs_body</LogicalName>
              <RequiredLevel>recommended</RequiredLevel>
              <DisplayMask>ValidForAdvancedFind|ValidForForm|ValidForGrid</DisplayMask>
              <ImeMode>auto</ImeMode>
              <ValidForUpdateApi>1</ValidForUpdateApi>
              <ValidForReadApi>1</ValidForReadApi>
              <ValidForCreateApi>1</ValidForCreateApi>
              <IsCustomField>1</IsCustomField>
              <IsAuditEnabled>0</IsAuditEnabled>
              <IsSecured>0</IsSecured>
              <IntroducedVersion>1.0</IntroducedVersion>
              <IsCustomizable>1</IsCustomizable>
              <IsRenameable>1</IsRenameable>
              <CanModifySearchSettings>1</CanModifySearchSettings>
              <CanModifyRequirementLevelSettings>1</CanModifyRequirementLevelSettings>
              <CanModifyAdditionalSettings>1</CanModifyAdditionalSettings>
              <SourceType>0</SourceType>
              <IsGlobalFilterEnabled>0</IsGlobalFilterEnabled>
              <IsSortableEnabled>0</IsSortableEnabled>
              <CanModifyGlobalFilterSettings>1</CanModifyGlobalFilterSettings>
              <CanModifyIsSortableSettings>1</CanModifyIsSortableSettings>
              <ExternalName>cjs_body</ExternalName>
              <IsDataSourceSecret>0</IsDataSourceSecret>
              <AutoNumberFormat></AutoNumberFormat>
              <IsSearchable>1</IsSearchable>
              <IsFilterable>0</IsFilterable>
              <IsRetrievable>1</IsRetrievable>
              <IsLocalizable>0</IsLocalizable>
              <Format>text</Format>
              <MaxLength>10000</MaxLength>
              <displaynames>
                <displayname description="Body" languagecode="1033" />
              </displaynames>
              <Descriptions>
                <Description description="" languagecode="1033" />
              </Descriptions>
            </attribute>
            <attribute PhysicalName="cjs_createdon">
              <Type>datetime</Type>
              <Name>cjs_createdon</Name>
              <LogicalName>cjs_createdon</LogicalName>
              <RequiredLevel>required</RequiredLevel>
              <DisplayMask>ValidForAdvancedFind|ValidForForm|ValidForGrid</DisplayMask>
              <ImeMode>auto</ImeMode>
              <ValidForUpdateApi>1</ValidForUpdateApi>
              <ValidForReadApi>1</ValidForReadApi>
              <ValidForCreateApi>1</ValidForCreateApi>
              <IsCustomField>1</IsCustomField>
              <IsAuditEnabled>0</IsAuditEnabled>
              <IsSecured>0</IsSecured>
              <IntroducedVersion>1.0.0.2</IntroducedVersion>
              <IsCustomizable>1</IsCustomizable>
              <IsRenameable>1</IsRenameable>
              <CanModifySearchSettings>1</CanModifySearchSettings>
              <CanModifyRequirementLevelSettings>1</CanModifyRequirementLevelSettings>
              <CanModifyAdditionalSettings>1</CanModifyAdditionalSettings>
              <SourceType>0</SourceType>
              <IsGlobalFilterEnabled>0</IsGlobalFilterEnabled>
              <IsSortableEnabled>0</IsSortableEnabled>
              <CanModifyGlobalFilterSettings>1</CanModifyGlobalFilterSettings>
              <CanModifyIsSortableSettings>1</CanModifyIsSortableSettings>
              <ExternalName>cjs_createdon</ExternalName>
              <IsDataSourceSecret>0</IsDataSourceSecret>
              <AutoNumberFormat></AutoNumberFormat>
              <IsSearchable>0</IsSearchable>
              <IsFilterable>0</IsFilterable>
              <IsRetrievable>1</IsRetrievable>
              <IsLocalizable>0</IsLocalizable>
              <Format>datetime</Format>
              <CanChangeDateTimeBehavior>1</CanChangeDateTimeBehavior>
              <Behavior>1</Behavior>
              <displaynames>
                <displayname description="Created On" languagecode="1033" />
              </displaynames>
              <Descriptions>
                <Description description="" languagecode="1033" />
              </Descriptions>
            </attribute>
            <attribute PhysicalName="cjs_modifiedon">
              <Type>datetime</Type>
              <Name>cjs_modifiedon</Name>
              <LogicalName>cjs_modifiedon</LogicalName>
              <RequiredLevel>required</RequiredLevel>
              <DisplayMask>ValidForAdvancedFind|ValidForForm|ValidForGrid</DisplayMask>
              <ImeMode>auto</ImeMode>
              <ValidForUpdateApi>1</ValidForUpdateApi>
              <ValidForReadApi>1</ValidForReadApi>
              <ValidForCreateApi>1</ValidForCreateApi>
              <IsCustomField>1</IsCustomField>
              <IsAuditEnabled>0</IsAuditEnabled>
              <IsSecured>0</IsSecured>
              <IntroducedVersion>1.0.0.2</IntroducedVersion>
              <IsCustomizable>1</IsCustomizable>
              <IsRenameable>1</IsRenameable>
              <CanModifySearchSettings>1</CanModifySearchSettings>
              <CanModifyRequirementLevelSettings>1</CanModifyRequirementLevelSettings>
              <CanModifyAdditionalSettings>1</CanModifyAdditionalSettings>
              <SourceType>0</SourceType>
              <IsGlobalFilterEnabled>0</IsGlobalFilterEnabled>
              <IsSortableEnabled>0</IsSortableEnabled>
              <CanModifyGlobalFilterSettings>1</CanModifyGlobalFilterSettings>
              <CanModifyIsSortableSettings>1</CanModifyIsSortableSettings>
              <ExternalName>cjs_modifiedon</ExternalName>
              <IsDataSourceSecret>0</IsDataSourceSecret>
              <AutoNumberFormat></AutoNumberFormat>
              <IsSearchable>0</IsSearchable>
              <IsFilterable>0</IsFilterable>
              <IsRetrievable>1</IsRetrievable>
              <IsLocalizable>0</IsLocalizable>
              <Format>datetime</Format>
              <CanChangeDateTimeBehavior>1</CanChangeDateTimeBehavior>
              <Behavior>1</Behavior>
              <displaynames>
                <displayname description="Modified On" languagecode="1033" />
              </displaynames>
              <Descriptions>
                <Description description="" languagecode="1033" />
              </Descriptions>
            </attribute>
            <attribute PhysicalName="cjs_postactivityId">
              <Type>primarykey</Type>
              <Name>cjs_postactivityid</Name>
              <LogicalName>cjs_postactivityid</LogicalName>
              <RequiredLevel>systemrequired</RequiredLevel>
              <DisplayMask>ValidForAdvancedFind|RequiredForGrid</DisplayMask>
              <ImeMode>auto</ImeMode>
              <ValidForUpdateApi>0</ValidForUpdateApi>
              <ValidForReadApi>1</ValidForReadApi>
              <ValidForCreateApi>1</ValidForCreateApi>
              <IsCustomField>0</IsCustomField>
              <IsAuditEnabled>0</IsAuditEnabled>
              <IsSecured>0</IsSecured>
              <IntroducedVersion>1.0</IntroducedVersion>
              <IsCustomizable>1</IsCustomizable>
              <IsRenameable>1</IsRenameable>
              <CanModifySearchSettings>1</CanModifySearchSettings>
              <CanModifyRequirementLevelSettings>0</CanModifyRequirementLevelSettings>
              <CanModifyAdditionalSettings>1</CanModifyAdditionalSettings>
              <SourceType>0</SourceType>
              <IsGlobalFilterEnabled>0</IsGlobalFilterEnabled>
              <IsSortableEnabled>0</IsSortableEnabled>
              <CanModifyGlobalFilterSettings>1</CanModifyGlobalFilterSettings>
              <CanModifyIsSortableSettings>1</CanModifyIsSortableSettings>
              <ExternalName>cjs_postactivityid</ExternalName>
              <IsDataSourceSecret>0</IsDataSourceSecret>
              <AutoNumberFormat></AutoNumberFormat>
              <IsSearchable>0</IsSearchable>
              <IsFilterable>1</IsFilterable>
              <IsRetrievable>1</IsRetrievable>
              <IsLocalizable>0</IsLocalizable>
              <displaynames>
                <displayname description="Post Activity" languagecode="1033" />
              </displaynames>
              <Descriptions>
                <Description description="Unique identifier for entity instances" languagecode="1033" />
              </Descriptions>
            </attribute>
            <attribute PhysicalName="cjs_postactivityname">
              <Type>nvarchar</Type>
              <Name>cjs_postactivityname</Name>
              <LogicalName>cjs_postactivityname</LogicalName>
              <RequiredLevel>required</RequiredLevel>
              <DisplayMask>PrimaryName|ValidForAdvancedFind|ValidForForm|ValidForGrid|RequiredForForm</DisplayMask>
              <ImeMode>auto</ImeMode>
              <ValidForUpdateApi>1</ValidForUpdateApi>
              <ValidForReadApi>1</ValidForReadApi>
              <ValidForCreateApi>1</ValidForCreateApi>
              <IsCustomField>1</IsCustomField>
              <IsAuditEnabled>0</IsAuditEnabled>
              <IsSecured>0</IsSecured>
              <IntroducedVersion>1.0</IntroducedVersion>
              <IsCustomizable>1</IsCustomizable>
              <IsRenameable>1</IsRenameable>
              <CanModifySearchSettings>1</CanModifySearchSettings>
              <CanModifyRequirementLevelSettings>1</CanModifyRequirementLevelSettings>
              <CanModifyAdditionalSettings>1</CanModifyAdditionalSettings>
              <SourceType>0</SourceType>
              <IsGlobalFilterEnabled>0</IsGlobalFilterEnabled>
              <IsSortableEnabled>0</IsSortableEnabled>
              <CanModifyGlobalFilterSettings>1</CanModifyGlobalFilterSettings>
              <CanModifyIsSortableSettings>1</CanModifyIsSortableSettings>
              <ExternalName>cjs_postactivityname</ExternalName>
              <IsDataSourceSecret>0</IsDataSourceSecret>
              <AutoNumberFormat></AutoNumberFormat>
              <IsSearchable>1</IsSearchable>
              <IsFilterable>0</IsFilterable>
              <IsRetrievable>1</IsRetrievable>
              <IsLocalizable>0</IsLocalizable>
              <Format>text</Format>
              <MaxLength>1000</MaxLength>
              <Length>2000</Length>
              <displaynames>
                <displayname description="Post Activity Name" languagecode="1033" />
              </displaynames>
              <Descriptions>
                <Description description="The name of the custom entity." languagecode="1033" />
              </Descriptions>
            </attribute>
            <attribute PhysicalName="cjs_postactivitytype">
              <Type>picklist</Type>
              <Name>cjs_postactivitytype</Name>
              <LogicalName>cjs_postactivitytype</LogicalName>
              <RequiredLevel>none</RequiredLevel>
              <DisplayMask>ValidForAdvancedFind|ValidForForm|ValidForGrid</DisplayMask>
              <ImeMode>auto</ImeMode>
              <ValidForUpdateApi>1</ValidForUpdateApi>
              <ValidForReadApi>1</ValidForReadApi>
              <ValidForCreateApi>1</ValidForCreateApi>
              <IsCustomField>1</IsCustomField>
              <IsAuditEnabled>0</IsAuditEnabled>
              <IsSecured>0</IsSecured>
              <IntroducedVersion>1.0.0.0</IntroducedVersion>
              <IsCustomizable>1</IsCustomizable>
              <IsRenameable>1</IsRenameable>
              <CanModifySearchSettings>1</CanModifySearchSettings>
              <CanModifyRequirementLevelSettings>1</CanModifyRequirementLevelSettings>
              <CanModifyAdditionalSettings>1</CanModifyAdditionalSettings>
              <SourceType>0</SourceType>
              <IsGlobalFilterEnabled>0</IsGlobalFilterEnabled>
              <IsSortableEnabled>0</IsSortableEnabled>
              <CanModifyGlobalFilterSettings>1</CanModifyGlobalFilterSettings>
              <CanModifyIsSortableSettings>1</CanModifyIsSortableSettings>
              <ExternalName>cjs_postactivitytype</ExternalName>
              <IsDataSourceSecret>0</IsDataSourceSecret>
              <AutoNumberFormat></AutoNumberFormat>
              <IsSearchable>1</IsSearchable>
              <IsFilterable>0</IsFilterable>
              <IsRetrievable>1</IsRetrievable>
              <IsLocalizable>0</IsLocalizable>
              <AppDefaultValue>-1</AppDefaultValue>
              <optionset Name="cjs_postactivity_cjs_postactivitytype">
                <OptionSetType>picklist</OptionSetType>
                <IntroducedVersion>1.0.0.0</IntroducedVersion>
                <IsCustomizable>1</IsCustomizable>
                <ExternalTypeName>cjs_postactivitytype</ExternalTypeName>
                <displaynames>
                  <displayname description="Post Activity Type" languagecode="1033" />
                </displaynames>
                <Descriptions>
                  <Description description="" languagecode="1033" />
                </Descriptions>
                <options>
                  <option value="397630000" ExternalValue="" Color="#0000ff">
                    <labels>
                      <label description="Type1" languagecode="1033" />
                    </labels>
                  </option>
                  <option value="397630001" ExternalValue="" Color="#0000ff">
                    <labels>
                      <label description="Type2" languagecode="1033" />
                    </labels>
                  </option>
                  <option value="397630002" ExternalValue="" Color="#0000ff">
                    <labels>
                      <label description="Type3" languagecode="1033" />
                    </labels>
                  </option>
                  <option value="397630003" ExternalValue="" Color="#0000ff">
                    <labels>
                      <label description="Type4" languagecode="1033" />
                    </labels>
                  </option>
                </options>
              </optionset>
              <displaynames>
                <displayname description="Post Activity Type" languagecode="1033" />
              </displaynames>
              <Descriptions>
                <Description description="" languagecode="1033" />
              </Descriptions>
            </attribute>
            <attribute PhysicalName="cjs_userid">
              <Type>int</Type>
              <Name>cjs_userid</Name>
              <LogicalName>cjs_userid</LogicalName>
              <RequiredLevel>none</RequiredLevel>
              <DisplayMask>ValidForAdvancedFind|ValidForForm|ValidForGrid</DisplayMask>
              <ImeMode>auto</ImeMode>
              <ValidForUpdateApi>1</ValidForUpdateApi>
              <ValidForReadApi>1</ValidForReadApi>
              <ValidForCreateApi>1</ValidForCreateApi>
              <IsCustomField>1</IsCustomField>
              <IsAuditEnabled>0</IsAuditEnabled>
              <IsSecured>0</IsSecured>
              <IntroducedVersion>1.0</IntroducedVersion>
              <IsCustomizable>1</IsCustomizable>
              <IsRenameable>1</IsRenameable>
              <CanModifySearchSettings>1</CanModifySearchSettings>
              <CanModifyRequirementLevelSettings>1</CanModifyRequirementLevelSettings>
              <CanModifyAdditionalSettings>1</CanModifyAdditionalSettings>
              <SourceType>0</SourceType>
              <IsGlobalFilterEnabled>0</IsGlobalFilterEnabled>
              <IsSortableEnabled>0</IsSortableEnabled>
              <CanModifyGlobalFilterSettings>1</CanModifyGlobalFilterSettings>
              <CanModifyIsSortableSettings>1</CanModifyIsSortableSettings>
              <ExternalName>cjs_userid</ExternalName>
              <IsDataSourceSecret>0</IsDataSourceSecret>
              <AutoNumberFormat></AutoNumberFormat>
              <IsSearchable>0</IsSearchable>
              <IsFilterable>0</IsFilterable>
              <IsRetrievable>1</IsRetrievable>
              <IsLocalizable>0</IsLocalizable>
              <MinValue>0</MinValue>
              <MaxValue>2147483647</MaxValue>
              <displaynames>
                <displayname description="User Id" languagecode="1033" />
              </displaynames>
              <Descriptions>
                <Description description="" languagecode="1033" />
              </Descriptions>
            </attribute>
          </attributes>
          <EntitySetName>cjs_postactivities</EntitySetName>
          <IsDuplicateCheckSupported>0</IsDuplicateCheckSupported>
          <IsBusinessProcessEnabled>0</IsBusinessProcessEnabled>
          <IsRequiredOffline>0</IsRequiredOffline>
          <IsInteractionCentricEnabled>0</IsInteractionCentricEnabled>
          <IsCollaboration>0</IsCollaboration>
          <AutoRouteToOwnerQueue>0</AutoRouteToOwnerQueue>
          <IsConnectionsEnabled>0</IsConnectionsEnabled>
          <EntityColor></EntityColor>
          <IsDocumentManagementEnabled>0</IsDocumentManagementEnabled>
          <AutoCreateAccessTeams>0</AutoCreateAccessTeams>
          <IsOneNoteIntegrationEnabled>0</IsOneNoteIntegrationEnabled>
          <IsKnowledgeManagementEnabled>0</IsKnowledgeManagementEnabled>
          <IsSLAEnabled>0</IsSLAEnabled>
          <IsDocumentRecommendationsEnabled>0</IsDocumentRecommendationsEnabled>
          <DataProviderId>{871a8db4-dd1f-ef11-840b-6045bde7a87b}</DataProviderId>
          <DataSourceId>{5c13ae7f-1720-ef11-840b-6045bde7a87b}</DataSourceId>
          <IsBPFEntity>0</IsBPFEntity>
          <OwnershipTypeMask>OrgOwned</OwnershipTypeMask>
          <IsAuditEnabled>0</IsAuditEnabled>
          <IsRetrieveAuditEnabled>0</IsRetrieveAuditEnabled>
          <IsRetrieveMultipleAuditEnabled>0</IsRetrieveMultipleAuditEnabled>
          <IsActivity>0</IsActivity>
          <ActivityTypeMask></ActivityTypeMask>
          <IsActivityParty>0</IsActivityParty>
          <IsReplicated>0</IsReplicated>
          <IsReplicationUserFiltered>0</IsReplicationUserFiltered>
          <IsMailMergeEnabled>0</IsMailMergeEnabled>
          <IsVisibleInMobile>0</IsVisibleInMobile>
          <IsVisibleInMobileClient>0</IsVisibleInMobileClient>
          <IsReadOnlyInMobileClient>0</IsReadOnlyInMobileClient>
          <IsOfflineInMobileClient>0</IsOfflineInMobileClient>
          <DaysSinceRecordLastModified>0</DaysSinceRecordLastModified>
          <MobileOfflineFilters></MobileOfflineFilters>
          <IsMapiGridEnabled>0</IsMapiGridEnabled>
          <IsReadingPaneEnabled>0</IsReadingPaneEnabled>
          <IsQuickCreateEnabled>0</IsQuickCreateEnabled>
          <SyncToExternalSearchIndex>0</SyncToExternalSearchIndex>
          <IntroducedVersion>1.0</IntroducedVersion>
          <IsCustomizable>1</IsCustomizable>
          <IsRenameable>1</IsRenameable>
          <IsMappable>1</IsMappable>
          <CanModifyAuditSettings>1</CanModifyAuditSettings>
          <CanModifyMobileVisibility>1</CanModifyMobileVisibility>
          <CanModifyMobileClientVisibility>1</CanModifyMobileClientVisibility>
          <CanModifyMobileClientReadOnly>1</CanModifyMobileClientReadOnly>
          <CanModifyMobileClientOffline>1</CanModifyMobileClientOffline>
          <CanModifyConnectionSettings>1</CanModifyConnectionSettings>
          <CanModifyDuplicateDetectionSettings>1</CanModifyDuplicateDetectionSettings>
          <CanModifyMailMergeSettings>1</CanModifyMailMergeSettings>
          <CanModifyQueueSettings>1</CanModifyQueueSettings>
          <CanCreateAttributes>1</CanCreateAttributes>
          <CanCreateForms>1</CanCreateForms>
          <CanCreateCharts>0</CanCreateCharts>
          <CanCreateViews>1</CanCreateViews>
          <CanModifyAdditionalSettings>1</CanModifyAdditionalSettings>
          <CanEnableSyncToExternalSearchIndex>1</CanEnableSyncToExternalSearchIndex>
          <EnforceStateTransitions>0</EnforceStateTransitions>
          <CanChangeHierarchicalRelationship>1</CanChangeHierarchicalRelationship>
          <EntityHelpUrlEnabled>0</EntityHelpUrlEnabled>
          <EntityHelpUrl></EntityHelpUrl>
          <ChangeTrackingEnabled>0</ChangeTrackingEnabled>
          <CanChangeTrackingBeEnabled>0</CanChangeTrackingBeEnabled>
          <IsEnabledForExternalChannels>0</IsEnabledForExternalChannels>
          <ExternalName>cjs_postactivity</ExternalName>
          <ExternalCollectionName>cjs_postactivities</ExternalCollectionName>
          <IsMSTeamsIntegrationEnabled>0</IsMSTeamsIntegrationEnabled>
          <IsSolutionAware>0</IsSolutionAware>
        </entity>
      </EntityInfo>
      <FormXml>
        <forms type="card">
          <systemform>
            <formid>{d5fab817-fef7-4348-bbb0-c72a399b6198}</formid>
            <IntroducedVersion>1.0</IntroducedVersion>
            <FormPresentation>1</FormPresentation>
            <FormActivationState>1</FormActivationState>
            <form>
              <tabs>
                <tab name="general" verticallayout="true" id="{db20f4c7-c902-4990-9e01-1609f779c61c}" IsUserDefined="0">
                  <labels>
                    <label description="" languagecode="1033" />
                  </labels>
                  <columns>
                    <column width="25%">
                      <sections>
                        <section name="ColorStrip" showlabel="false" showbar="false" columns="1" IsUserDefined="0" id="{b3d77ab8-3c4d-464b-a12f-55089b15d602}">
                          <labels>
                            <label description="ColorStrip" languagecode="1033" />
                          </labels>
                        </section>
                      </sections>
                    </column>
                    <column width="75%">
                      <sections>
                        <section name="CardHeader" showlabel="false" showbar="false" columns="111" id="{cf03329b-ef28-463a-a8be-901f6485dd90}" IsUserDefined="0">
                          <labels>
                            <label description="Header" languagecode="1033" />
                          </labels>
                          <rows>
                            <row>
                              <cell id="{72a3972d-2c7e-487a-9863-3d66619dd1f2}" showlabel="true" locklevel="0">
                                <labels>
                                  <label description="" languagecode="1033" />
                                </labels>
                                <control id="statuscode" classid="{5D68B988-0661-4db2-BC3E-17598AD3BE6C}" datafieldname="statuscode" disabled="false" />
                              </cell>
                              <cell id="{8edca6dc-9416-4d8c-8c13-86e6462b75e6}" showlabel="true" locklevel="0">
                                <labels>
                                  <label description="" languagecode="1033" />
                                </labels>
                              </cell>
                              <cell id="{6fb744be-d958-48c7-b9b5-a39ade27945f}" showlabel="true" locklevel="0">
                                <labels>
                                  <label description="" languagecode="1033" />
                                </labels>
                              </cell>
                            </row>
                          </rows>
                        </section>
                        <section name="CardDetails" showlabel="false" showbar="false" columns="1" id="{b8bc901b-015c-4942-9e29-35da3fa0ba00}" IsUserDefined="0">
                          <labels>
                            <label description="Details" languagecode="1033" />
                          </labels>
                          <rows>
                            <row>
                              <cell id="{a4923aad-6dae-4638-8008-f84a3fe0363b}" showlabel="true" locklevel="0">
                                <labels>
                                  <label description="Post Activity Name" languagecode="1033" />
                                </labels>
                                <control id="cjs_postactivityname" classid="{4273EDBD-AC1D-40d3-9FB2-095C621B552D}" datafieldname="cjs_postactivityname" disabled="false" />
                              </cell>
                            </row>
                          </rows>
                        </section>
                        <section name="CardFooter" showlabel="false" columns="1111" showbar="false" id="{f8c14d6e-2bf9-4dc7-b888-a2fe35c4cd98}" IsUserDefined="0">
                          <labels>
                            <label description="Footer" languagecode="1033" />
                          </labels>
                          <rows>
                            <row>
                              <cell id="{4bd359ec-1f08-4acb-8f0b-81ab02bdbe05}" showlabel="true" locklevel="0">
                                <labels>
                                  <label description="" languagecode="1033" />
                                </labels>
                                <control id="createdon" classid="{270BD3DB-D9AF-4782-9025-509E298DEC0A}" datafieldname="createdon" disabled="false" />
                              </cell>
                              <cell id="{939fe275-710d-4624-9f70-af97f304e526}" showlabel="true" locklevel="0">
                                <labels>
                                  <label description="" languagecode="1033" />
                                </labels>
                              </cell>
                              <cell id="{4bb07276-701b-4732-bc04-10f1b02e2ed2}" showlabel="true" locklevel="0">
                                <labels>
                                  <label description="" languagecode="1033" />
                                </labels>
                              </cell>
                            </row>
                          </rows>
                        </section>
                      </sections>
                    </column>
                  </columns>
                </tab>
              </tabs>
            </form>
            <IsCustomizable>1</IsCustomizable>
            <CanBeDeleted>1</CanBeDeleted>
            <LocalizedNames>
              <LocalizedName description="Information" languagecode="1033" />
            </LocalizedNames>
            <Descriptions>
              <Description description="A card form for this entity." languagecode="1033" />
            </Descriptions>
          </systemform>
        </forms>
        <forms type="main">
          <systemform>
            <formid>{3abfe72f-f218-4068-a49d-88b52f76dabf}</formid>
            <IntroducedVersion>1.0</IntroducedVersion>
            <FormPresentation>1</FormPresentation>
            <FormActivationState>1</FormActivationState>
            <form>
              <tabs>
                <tab verticallayout="true" id="{ad2b407e-e4a6-4cb1-9f50-e8fa6266086c}" IsUserDefined="1">
                  <labels>
                    <label description="General" languagecode="1033" />
                  </labels>
                  <columns>
                    <column width="100%">
                      <sections>
                        <section showlabel="false" showbar="false" IsUserDefined="0" id="{be8864c6-8778-4070-abdc-77dac4630807}">
                          <labels>
                            <label description="General" languagecode="1033" />
                          </labels>
                          <rows>
                            <row>
                              <cell id="{448bcae3-7072-6e54-7c7b-c1cb973c88c6}" showlabel="true" locklevel="0">
                                <labels>
                                  <label description="AccountId" languagecode="1033" />
                                </labels>
                                <control id="cjs_accountid" classid="{270BD3DB-D9AF-4782-9025-509E298DEC0A}" datafieldname="cjs_accountid" disabled="false" />
                              </cell>
                            </row>
                            <row>
                              <cell id="{72b25f55-cbfb-428a-b47a-821a0f10b55b}">
                                <labels>
                                  <label description="Post Activity Name" languagecode="1033" />
                                </labels>
                                <control id="cjs_postactivityname" classid="{4273EDBD-AC1D-40d3-9FB2-095C621B552D}" datafieldname="cjs_postactivityname" />
                              </cell>
                            </row>
                            <row>
                              <cell id="{4e14d579-32b5-92e2-005b-44aed7aa98ab}" showlabel="true" locklevel="0">
                                <labels>
                                  <label description="Post Activity Type" languagecode="1033" />
                                </labels>
                                <control id="cjs_postactivitytype" classid="{3EF39988-22BB-4f0b-BBBE-64B5A3748AEE}" datafieldname="cjs_postactivitytype" disabled="false" />
                              </cell>
                            </row>
                            <row>
                              <cell id="{dd3a2b4c-ea06-6816-5c4e-be0e4abc2a9a}" showlabel="true" locklevel="0">
                                <labels>
                                  <label description="User Id" languagecode="1033" />
                                </labels>
                                <control id="cjs_userid" classid="{C6D124CA-7EDA-4a60-AEA9-7FB8D318B68F}" datafieldname="cjs_userid" disabled="false" />
                              </cell>
                            </row>
                            <row>
                              <cell id="{5a3a201b-0be7-b716-19cd-eaa84c0ce405}" showlabel="true" locklevel="0">
                                <labels>
                                  <label description="Body" languagecode="1033" />
                                </labels>
                                <control id="cjs_body" classid="{E0DECE4B-6FC8-4a8f-A065-082708572369}" datafieldname="cjs_body" disabled="false" />
                              </cell>
                            </row>
                            <row>
                              <cell id="{712bb1c3-50e7-0b13-8a6c-63b6143165b6}" showlabel="true" locklevel="0">
                                <labels>
                                  <label description="Created On" languagecode="1033" />
                                </labels>
                                <control id="cjs_createdon" classid="{5B773807-9FB2-42db-97C3-7A91EFF8ADFF}" datafieldname="cjs_createdon" disabled="false" />
                              </cell>
                            </row>
                            <row>
                              <cell id="{195e3cb3-4247-ceb0-5509-ae092a107436}" showlabel="true" locklevel="0">
                                <labels>
                                  <label description="Modified On" languagecode="1033" />
                                </labels>
                                <control id="cjs_modifiedon" classid="{5B773807-9FB2-42db-97C3-7A91EFF8ADFF}" datafieldname="cjs_modifiedon" disabled="false" />
                              </cell>
                            </row>
                          </rows>
                        </section>
                      </sections>
                    </column>
                  </columns>
                </tab>
              </tabs>
              <Navigation>
                <NavBar></NavBar>
                <NavBarAreas>
                  <NavBarArea Id="Info">
                    <Titles>
                      <Title LCID="1033" Text="Common" />
                    </Titles>
                  </NavBarArea>
                  <NavBarArea Id="Sales">
                    <Titles>
                      <Title LCID="1033" Text="Sales" />
                    </Titles>
                  </NavBarArea>
                  <NavBarArea Id="Service">
                    <Titles>
                      <Title LCID="1033" Text="Service" />
                    </Titles>
                  </NavBarArea>
                  <NavBarArea Id="Marketing">
                    <Titles>
                      <Title LCID="1033" Text="Marketing" />
                    </Titles>
                  </NavBarArea>
                  <NavBarArea Id="ProcessCenter">
                    <Titles>
                      <Title LCID="1033" Text="Process Sessions" />
                    </Titles>
                  </NavBarArea>
                </NavBarAreas>
              </Navigation>
            </form>
            <IsCustomizable>1</IsCustomizable>
            <CanBeDeleted>1</CanBeDeleted>
            <LocalizedNames>
              <LocalizedName description="Information" languagecode="1033" />
            </LocalizedNames>
            <Descriptions>
              <Description description="A form for this entity." languagecode="1033" />
            </Descriptions>
          </systemform>
        </forms>
        <forms type="quick">
          <systemform>
            <formid>{3c73be2f-6e1f-4086-a3fd-e3bf645672a3}</formid>
            <IntroducedVersion>1.0</IntroducedVersion>
            <FormPresentation>1</FormPresentation>
            <FormActivationState>1</FormActivationState>
            <form>
              <tabs>
                <tab verticallayout="true" id="{0b1f7d60-38f3-4b02-8513-de6a323e8e1d}" IsUserDefined="1">
                  <labels>
                    <label description="" languagecode="1033" />
                  </labels>
                  <columns>
                    <column width="100%">
                      <sections>
                        <section showlabel="false" showbar="false" IsUserDefined="0" id="{131ea6dd-ad8b-43d7-9b37-b209853c657b}">
                          <labels>
                            <label description="GENERAL" languagecode="1033" />
                          </labels>
                          <rows>
                            <row>
                              <cell id="{76bcce38-c37e-46dc-84b2-573f11bd6bc4}">
                                <labels>
                                  <label description="Post Activity Name" languagecode="1033" />
                                </labels>
                                <control id="cjs_postactivityname" classid="{4273EDBD-AC1D-40d3-9FB2-095C621B552D}" datafieldname="cjs_postactivityname" />
                              </cell>
                            </row>
                          </rows>
                        </section>
                      </sections>
                    </column>
                  </columns>
                </tab>
              </tabs>
            </form>
            <IsCustomizable>1</IsCustomizable>
            <CanBeDeleted>1</CanBeDeleted>
            <LocalizedNames>
              <LocalizedName description="Information" languagecode="1033" />
            </LocalizedNames>
          </systemform>
        </forms>
      </FormXml>
      <SavedQueries>
        <savedqueries>
          <savedquery>
            <IsCustomizable>1</IsCustomizable>
            <CanBeDeleted>0</CanBeDeleted>
            <isquickfindquery>0</isquickfindquery>
            <isprivate>0</isprivate>
            <isdefault>1</isdefault>
            <savedqueryid>{c533de05-db32-4b29-8352-ee807964c598}</savedqueryid>
            <layoutxml>
              <grid name="resultset" jump="cjs_postactivityname" select="1" icon="1" preview="1">
                <row name="result" id="cjs_postactivityid">
                  <cell name="cjs_accountid" width="200" imageproviderfunctionname="" imageproviderwebresource="$webresource:" />
                  <cell name="cjs_postactivityname" width="300" />
                  <cell name="cjs_postactivitytype" width="200" imageproviderfunctionname="" imageproviderwebresource="$webresource:" />
                  <cell name="cjs_userid" width="150" imageproviderfunctionname="" imageproviderwebresource="$webresource:" />
                  <cell name="cjs_body" width="200" disableSorting="1" imageproviderfunctionname="" imageproviderwebresource="$webresource:" />
                  <cell name="cjs_createdon" width="150" imageproviderfunctionname="" imageproviderwebresource="$webresource:" />
                  <cell name="cjs_modifiedon" width="150" imageproviderfunctionname="" imageproviderwebresource="$webresource:" />
                </row>
              </grid>
            </layoutxml>
            <querytype>0</querytype>
            <fetchxml>
              <fetch version="1.0" mapping="logical">
                <entity name="cjs_postactivity">
                  <attribute name="cjs_postactivityname" />
                  <attribute name="cjs_userid" />
                  <attribute name="cjs_body" />
                  <attribute name="cjs_accountid" />
                  <attribute name="cjs_postactivitytype" />
                  <attribute name="cjs_modifiedon" />
                  <attribute name="cjs_createdon" />
                  <attribute name="cjs_postactivityid" />
                </entity>
              </fetch>
            </fetchxml>
            <IntroducedVersion>1.0</IntroducedVersion>
            <LocalizedNames>
              <LocalizedName description="All Post Activities" languagecode="1033" />
            </LocalizedNames>
          </savedquery>
          <savedquery>
            <IsCustomizable>1</IsCustomizable>
            <CanBeDeleted>0</CanBeDeleted>
            <isquickfindquery>0</isquickfindquery>
            <isprivate>0</isprivate>
            <isdefault>1</isdefault>
            <savedqueryid>{46eeb077-2e79-73ab-2e4f-e99dc04f52e5}</savedqueryid>
            <layoutxml>
              <grid name="resultset" jump="cjs_postactivityname" select="1" icon="1" preview="1">
                <row name="result" id="cjs_postactivityid">
                  <cell name="cjs_postactivityname" width="300" />
                </row>
              </grid>
            </layoutxml>
            <querytype>1048576</querytype>
            <fetchxml>
              <fetch version="1.0" mapping="logical">
                <entity name="cjs_postactivity">
                  <attribute name="cjs_postactivityid" />
                  <attribute name="cjs_postactivityname" />
                </entity>
              </fetch>
            </fetchxml>
            <IntroducedVersion>1.0</IntroducedVersion>
            <LocalizedNames>
              <LocalizedName description="Post Activities Copilot View" languagecode="1033" />
            </LocalizedNames>
          </savedquery>
          <savedquery>
            <IsCustomizable>1</IsCustomizable>
            <CanBeDeleted>1</CanBeDeleted>
            <isquickfindquery>0</isquickfindquery>
            <isprivate>0</isprivate>
            <isdefault>1</isdefault>
            <savedqueryid>{05dfa8ac-741f-ef11-840b-6045bde7a87b}</savedqueryid>
            <querytype>8192</querytype>
            <fetchxml>
              <fetch version="1.0" mapping="logical" output-format="xml-platform">
                <entity name="cjs_postactivity">
                  <attribute name="cjs_postactivityid" />
                </entity>
              </fetch>
            </fetchxml>
            <IntroducedVersion>1.0</IntroducedVersion>
            <LocalizedNames>
              <LocalizedName description="Post Activities" languagecode="1033" />
            </LocalizedNames>
            <Descriptions>
              <Description description="All active Post Activities" languagecode="1033" />
            </Descriptions>
          </savedquery>
          <savedquery>
            <IsCustomizable>1</IsCustomizable>
            <CanBeDeleted>0</CanBeDeleted>
            <isquickfindquery>0</isquickfindquery>
            <isprivate>0</isprivate>
            <isdefault>1</isdefault>
            <savedqueryid>{0a03811c-5e0a-4fd9-8ee2-828252888b7f}</savedqueryid>
            <layoutxml>
              <grid name="resultset" jump="cjs_postactivityname" select="1" icon="1" preview="1">
                <row name="result" id="cjs_postactivityid">
                  <cell name="cjs_accountid" width="200" imageproviderfunctionname="" imageproviderwebresource="$webresource:" />
                  <cell name="cjs_postactivityname" width="300" />
                  <cell name="cjs_postactivitytype" width="200" imageproviderfunctionname="" imageproviderwebresource="$webresource:" />
                  <cell name="cjs_userid" width="200" imageproviderfunctionname="" imageproviderwebresource="$webresource:" />
                  <cell name="cjs_body" width="200" disableSorting="1" imageproviderfunctionname="" imageproviderwebresource="$webresource:" />
                  <cell name="cjs_createdon" width="150" imageproviderfunctionname="" imageproviderwebresource="$webresource:" />
                  <cell name="cjs_modifiedon" width="150" imageproviderfunctionname="" imageproviderwebresource="$webresource:" />
                </row>
              </grid>
            </layoutxml>
            <querytype>1</querytype>
            <fetchxml>
              <fetch version="1.0" mapping="logical">
                <entity name="cjs_postactivity">
                  <attribute name="cjs_postactivityname" />
                  <attribute name="cjs_body" />
                  <attribute name="cjs_accountid" />
                  <attribute name="cjs_userid" />
                  <attribute name="cjs_postactivitytype" />
                  <attribute name="cjs_modifiedon" />
                  <attribute name="cjs_createdon" />
                  <attribute name="cjs_postactivityid" />
                </entity>
              </fetch>
            </fetchxml>
            <IntroducedVersion>1.0</IntroducedVersion>
            <LocalizedNames>
              <LocalizedName description="Post Activity Advanced Find View" languagecode="1033" />
            </LocalizedNames>
          </savedquery>
          <savedquery>
            <IsCustomizable>1</IsCustomizable>
            <CanBeDeleted>0</CanBeDeleted>
            <isquickfindquery>0</isquickfindquery>
            <isprivate>0</isprivate>
            <isdefault>1</isdefault>
            <savedqueryid>{57927caa-dc2b-4e5b-a8f0-62addfd4240d}</savedqueryid>
            <layoutxml>
              <grid name="cjs_postactivities" jump="cjs_postactivityname" select="1" icon="1" preview="1">
                <row name="cjs_postactivity" id="cjs_postactivityid">
                  <cell name="cjs_accountid" width="200" imageproviderfunctionname="" imageproviderwebresource="$webresource:" />
                  <cell name="cjs_postactivityname" width="300" />
                  <cell name="cjs_postactivitytype" width="200" imageproviderfunctionname="" imageproviderwebresource="$webresource:" />
                  <cell name="cjs_userid" width="200" imageproviderfunctionname="" imageproviderwebresource="$webresource:" />
                  <cell name="cjs_body" width="200" disableSorting="1" imageproviderfunctionname="" imageproviderwebresource="$webresource:" />
                  <cell name="cjs_createdon" width="150" imageproviderfunctionname="" imageproviderwebresource="$webresource:" />
                  <cell name="cjs_modifiedon" width="150" imageproviderfunctionname="" imageproviderwebresource="$webresource:" />
                </row>
              </grid>
            </layoutxml>
            <querytype>2</querytype>
            <fetchxml>
              <fetch version="1.0" mapping="logical">
                <entity name="cjs_postactivity">
                  <attribute name="cjs_postactivityname" />
                  <attribute name="cjs_body" />
                  <attribute name="cjs_accountid" />
                  <attribute name="cjs_userid" />
                  <attribute name="cjs_postactivitytype" />
                  <attribute name="cjs_modifiedon" />
                  <attribute name="cjs_createdon" />
                  <attribute name="cjs_postactivityid" />
                </entity>
              </fetch>
            </fetchxml>
            <IntroducedVersion>1.0</IntroducedVersion>
            <LocalizedNames>
              <LocalizedName description="Post Activity Associated View" languagecode="1033" />
            </LocalizedNames>
          </savedquery>
          <savedquery>
            <IsCustomizable>1</IsCustomizable>
            <CanBeDeleted>0</CanBeDeleted>
            <isquickfindquery>0</isquickfindquery>
            <isprivate>0</isprivate>
            <isdefault>1</isdefault>
            <savedqueryid>{1bc52913-cda3-471b-b7f6-03f3fbe2c9a7}</savedqueryid>
            <layoutxml>
              <grid name="cjs_postactivities" jump="cjs_postactivityname" select="1" icon="1" preview="0">
                <row name="cjs_postactivity" id="cjs_postactivityid">
                  <cell name="cjs_postactivityname" width="300" />
                  <cell name="cjs_accountid" width="200" imageproviderfunctionname="" imageproviderwebresource="$webresource:" />
                  <cell name="cjs_postactivitytype" width="200" imageproviderfunctionname="" imageproviderwebresource="$webresource:" />
                  <cell name="cjs_userid" width="200" imageproviderfunctionname="" imageproviderwebresource="$webresource:" />
                  <cell name="cjs_body" width="200" disableSorting="1" imageproviderfunctionname="" imageproviderwebresource="$webresource:" />
                  <cell name="cjs_createdon" width="150" imageproviderfunctionname="" imageproviderwebresource="$webresource:" />
                  <cell name="cjs_modifiedon" width="150" imageproviderfunctionname="" imageproviderwebresource="$webresource:" />
                </row>
              </grid>
            </layoutxml>
            <querytype>64</querytype>
            <fetchxml>
              <fetch version="1.0" mapping="logical">
                <entity name="cjs_postactivity">
                  <attribute name="cjs_postactivityid" />
                  <attribute name="cjs_postactivityname" />
                  <order attribute="cjs_postactivityname" descending="false" />
                  <attribute name="cjs_body" />
                  <attribute name="cjs_accountid" />
                  <attribute name="cjs_userid" />
                  <attribute name="cjs_postactivitytype" />
                  <attribute name="cjs_modifiedon" />
                  <attribute name="cjs_createdon" />
                </entity>
              </fetch>
            </fetchxml>
            <IntroducedVersion>1.0</IntroducedVersion>
            <LocalizedNames>
              <LocalizedName description="Post Activity Lookup View" languagecode="1033" />
            </LocalizedNames>
          </savedquery>
          <savedquery>
            <IsCustomizable>1</IsCustomizable>
            <CanBeDeleted>0</CanBeDeleted>
            <isquickfindquery>1</isquickfindquery>
            <isprivate>0</isprivate>
            <isdefault>1</isdefault>
            <savedqueryid>{45d8d56b-3039-42ab-8226-f0182ebdea47}</savedqueryid>
            <layoutxml>
              <grid name="resultset" jump="cjs_postactivityname" select="1" icon="1" preview="1">
                <row name="result" id="cjs_postactivityid">
                  <cell name="cjs_accountid" width="200" imageproviderfunctionname="" imageproviderwebresource="$webresource:" />
                  <cell name="cjs_postactivityname" width="300" />
                  <cell name="cjs_postactivitytype" width="200" imageproviderfunctionname="" imageproviderwebresource="$webresource:" />
                  <cell name="cjs_userid" width="200" imageproviderfunctionname="" imageproviderwebresource="$webresource:" />
                  <cell name="cjs_body" width="200" disableSorting="1" imageproviderfunctionname="" imageproviderwebresource="$webresource:" />
                  <cell name="cjs_createdon" width="150" imageproviderfunctionname="" imageproviderwebresource="$webresource:" />
                  <cell name="cjs_modifiedon" width="150" imageproviderfunctionname="" imageproviderwebresource="$webresource:" />
                </row>
              </grid>
            </layoutxml>
            <querytype>4</querytype>
            <fetchxml>
              <fetch version="1.0" mapping="logical">
                <entity name="cjs_postactivity">
                  <attribute name="cjs_postactivityname" />
                  <attribute name="cjs_body" />
                  <attribute name="cjs_accountid" />
                  <attribute name="cjs_userid" />
                  <attribute name="cjs_postactivitytype" />
                  <filter type="or" isquickfindfields="1">
                    <condition attribute="cjs_postactivitytype" operator="like" value="{0}" />
                    <condition attribute="cjs_postactivityname" operator="like" value="{0}" />
                    <condition attribute="cjs_body" operator="like" value="{0}" />
                    <condition attribute="cjs_accountid" operator="like" value="{0}" />
                  </filter>
                  <attribute name="cjs_modifiedon" />
                  <attribute name="cjs_createdon" />
                  <attribute name="cjs_postactivityid" />
                </entity>
              </fetch>
            </fetchxml>
            <IntroducedVersion>1.0</IntroducedVersion>
            <LocalizedNames>
              <LocalizedName description="Quick Find Active Post Activities" languagecode="1033" />
            </LocalizedNames>
          </savedquery>
        </savedqueries>
      </SavedQueries>
      <RibbonDiffXml>
        <CustomActions />
        <Templates>
          <RibbonTemplates Id="Mscrm.Templates"></RibbonTemplates>
        </Templates>
        <CommandDefinitions />
        <RuleDefinitions>
          <TabDisplayRules />
          <DisplayRules />
          <EnableRules />
        </RuleDefinitions>
        <LocLabels />
      </RibbonDiffXml>
    </Entity>
    <Entity>
      <Name LocalizedName="PostActivity Datasource" OriginalName="PostActivity Datasource">cjs_postactivitydatasource</Name>
      <EntityInfo>
        <entity Name="cjs_postactivitydatasource">
          <LocalizedNames>
            <LocalizedName description="PostActivity Datasource" languagecode="1033" />
          </LocalizedNames>
          <LocalizedCollectionNames>
            <LocalizedCollectionName description="PostActivity Datasources" languagecode="1033" />
          </LocalizedCollectionNames>
          <Descriptions>
            <Description description="" languagecode="1033" />
          </Descriptions>
          <attributes>
            <attribute PhysicalName="cjs_name">
              <Type>nvarchar</Type>
              <Name>cjs_name</Name>
              <LogicalName>cjs_name</LogicalName>
              <RequiredLevel>none</RequiredLevel>
              <DisplayMask>PrimaryName|ValidForAdvancedFind|ValidForForm|ValidForGrid|RequiredForForm</DisplayMask>
              <ImeMode>auto</ImeMode>
              <ValidForUpdateApi>1</ValidForUpdateApi>
              <ValidForReadApi>1</ValidForReadApi>
              <ValidForCreateApi>1</ValidForCreateApi>
              <IsCustomField>1</IsCustomField>
              <IsAuditEnabled>0</IsAuditEnabled>
              <IsSecured>0</IsSecured>
              <IntroducedVersion>1.0.0.0</IntroducedVersion>
              <IsCustomizable>1</IsCustomizable>
              <IsRenameable>1</IsRenameable>
              <CanModifySearchSettings>1</CanModifySearchSettings>
              <CanModifyRequirementLevelSettings>1</CanModifyRequirementLevelSettings>
              <CanModifyAdditionalSettings>1</CanModifyAdditionalSettings>
              <SourceType>0</SourceType>
              <IsGlobalFilterEnabled>0</IsGlobalFilterEnabled>
              <IsSortableEnabled>0</IsSortableEnabled>
              <CanModifyGlobalFilterSettings>1</CanModifyGlobalFilterSettings>
              <CanModifyIsSortableSettings>1</CanModifyIsSortableSettings>
              <ExternalName>cjs_name</ExternalName>
              <IsDataSourceSecret>0</IsDataSourceSecret>
              <AutoNumberFormat></AutoNumberFormat>
              <IsSearchable>1</IsSearchable>
              <IsFilterable>0</IsFilterable>
              <IsRetrievable>1</IsRetrievable>
              <IsLocalizable>0</IsLocalizable>
              <Format>text</Format>
              <MaxLength>500</MaxLength>
              <Length>1000</Length>
              <displaynames>
                <displayname description="Name" languagecode="1033" />
              </displaynames>
              <Descriptions>
                <Description description="" languagecode="1033" />
              </Descriptions>
            </attribute>
            <attribute PhysicalName="cjs_postactivitydatasourceId">
              <Type>primarykey</Type>
              <Name>cjs_postactivitydatasourceid</Name>
              <LogicalName>cjs_postactivitydatasourceid</LogicalName>
              <RequiredLevel>systemrequired</RequiredLevel>
              <DisplayMask>ValidForAdvancedFind|RequiredForGrid</DisplayMask>
              <ImeMode>auto</ImeMode>
              <ValidForUpdateApi>0</ValidForUpdateApi>
              <ValidForReadApi>1</ValidForReadApi>
              <ValidForCreateApi>1</ValidForCreateApi>
              <IsCustomField>0</IsCustomField>
              <IsAuditEnabled>0</IsAuditEnabled>
              <IsSecured>0</IsSecured>
              <IntroducedVersion>1.0.0.0</IntroducedVersion>
              <IsCustomizable>1</IsCustomizable>
              <IsRenameable>1</IsRenameable>
              <CanModifySearchSettings>1</CanModifySearchSettings>
              <CanModifyRequirementLevelSettings>0</CanModifyRequirementLevelSettings>
              <CanModifyAdditionalSettings>1</CanModifyAdditionalSettings>
              <SourceType>0</SourceType>
              <IsGlobalFilterEnabled>0</IsGlobalFilterEnabled>
              <IsSortableEnabled>0</IsSortableEnabled>
              <CanModifyGlobalFilterSettings>1</CanModifyGlobalFilterSettings>
              <CanModifyIsSortableSettings>1</CanModifyIsSortableSettings>
              <ExternalName>cjs_postactivityid</ExternalName>
              <IsDataSourceSecret>0</IsDataSourceSecret>
              <AutoNumberFormat></AutoNumberFormat>
              <IsSearchable>0</IsSearchable>
              <IsFilterable>1</IsFilterable>
              <IsRetrievable>1</IsRetrievable>
              <IsLocalizable>0</IsLocalizable>
              <displaynames>
                <displayname description="PostActivity Datasource" languagecode="1033" />
              </displaynames>
              <Descriptions>
                <Description description="Unique identifier for entity instances" languagecode="1033" />
              </Descriptions>
            </attribute>
          </attributes>
          <EntitySetName>cjs_postactivitydatasources</EntitySetName>
          <IsDuplicateCheckSupported>0</IsDuplicateCheckSupported>
          <IsBusinessProcessEnabled>0</IsBusinessProcessEnabled>
          <IsRequiredOffline>0</IsRequiredOffline>
          <IsInteractionCentricEnabled>0</IsInteractionCentricEnabled>
          <IsCollaboration>0</IsCollaboration>
          <AutoRouteToOwnerQueue>0</AutoRouteToOwnerQueue>
          <IsConnectionsEnabled>0</IsConnectionsEnabled>
          <IsDocumentManagementEnabled>0</IsDocumentManagementEnabled>
          <AutoCreateAccessTeams>0</AutoCreateAccessTeams>
          <IsOneNoteIntegrationEnabled>0</IsOneNoteIntegrationEnabled>
          <IsKnowledgeManagementEnabled>0</IsKnowledgeManagementEnabled>
          <IsSLAEnabled>0</IsSLAEnabled>
          <IsDocumentRecommendationsEnabled>0</IsDocumentRecommendationsEnabled>
          <DataProviderId>{b2112a7e-b26c-42f7-9b63-9a809a9d716f}</DataProviderId>
          <IsBPFEntity>0</IsBPFEntity>
          <OwnershipTypeMask>OrgOwned</OwnershipTypeMask>
          <IsAuditEnabled>0</IsAuditEnabled>
          <IsRetrieveAuditEnabled>0</IsRetrieveAuditEnabled>
          <IsRetrieveMultipleAuditEnabled>0</IsRetrieveMultipleAuditEnabled>
          <IsActivity>0</IsActivity>
          <ActivityTypeMask></ActivityTypeMask>
          <IsActivityParty>0</IsActivityParty>
          <IsReplicated>0</IsReplicated>
          <IsReplicationUserFiltered>0</IsReplicationUserFiltered>
          <IsMailMergeEnabled>0</IsMailMergeEnabled>
          <IsVisibleInMobile>0</IsVisibleInMobile>
          <IsVisibleInMobileClient>0</IsVisibleInMobileClient>
          <IsReadOnlyInMobileClient>0</IsReadOnlyInMobileClient>
          <IsOfflineInMobileClient>0</IsOfflineInMobileClient>
          <DaysSinceRecordLastModified>0</DaysSinceRecordLastModified>
          <MobileOfflineFilters></MobileOfflineFilters>
          <IsMapiGridEnabled>0</IsMapiGridEnabled>
          <IsReadingPaneEnabled>0</IsReadingPaneEnabled>
          <IsQuickCreateEnabled>0</IsQuickCreateEnabled>
          <SyncToExternalSearchIndex>0</SyncToExternalSearchIndex>
          <IntroducedVersion>1.0.0.0</IntroducedVersion>
          <IsCustomizable>1</IsCustomizable>
          <IsRenameable>1</IsRenameable>
          <IsMappable>1</IsMappable>
          <CanModifyAuditSettings>1</CanModifyAuditSettings>
          <CanModifyMobileVisibility>1</CanModifyMobileVisibility>
          <CanModifyMobileClientVisibility>1</CanModifyMobileClientVisibility>
          <CanModifyMobileClientReadOnly>1</CanModifyMobileClientReadOnly>
          <CanModifyMobileClientOffline>1</CanModifyMobileClientOffline>
          <CanModifyConnectionSettings>1</CanModifyConnectionSettings>
          <CanModifyDuplicateDetectionSettings>1</CanModifyDuplicateDetectionSettings>
          <CanModifyMailMergeSettings>1</CanModifyMailMergeSettings>
          <CanModifyQueueSettings>1</CanModifyQueueSettings>
          <CanCreateAttributes>1</CanCreateAttributes>
          <CanCreateForms>1</CanCreateForms>
          <CanCreateCharts>0</CanCreateCharts>
          <CanCreateViews>1</CanCreateViews>
          <CanModifyAdditionalSettings>0</CanModifyAdditionalSettings>
          <CanEnableSyncToExternalSearchIndex>0</CanEnableSyncToExternalSearchIndex>
          <EnforceStateTransitions>0</EnforceStateTransitions>
          <CanChangeHierarchicalRelationship>0</CanChangeHierarchicalRelationship>
          <EntityHelpUrlEnabled>0</EntityHelpUrlEnabled>
          <ChangeTrackingEnabled>0</ChangeTrackingEnabled>
          <CanChangeTrackingBeEnabled>0</CanChangeTrackingBeEnabled>
          <IsEnabledForExternalChannels>0</IsEnabledForExternalChannels>
          <ExternalName>PostActivityDatasource</ExternalName>
          <ExternalCollectionName>PostActivityDatasources</ExternalCollectionName>
          <IsMSTeamsIntegrationEnabled>0</IsMSTeamsIntegrationEnabled>
          <IsSolutionAware>0</IsSolutionAware>
        </entity>
      </EntityInfo>
      <FormXml>
        <forms type="card">
          <systemform>
            <formid>{e001a9ea-bad6-46e1-ba0e-7584bd09f217}</formid>
            <IntroducedVersion>1.0.0.0</IntroducedVersion>
            <FormPresentation>1</FormPresentation>
            <FormActivationState>1</FormActivationState>
            <form>
              <tabs>
                <tab name="general" verticallayout="true" id="{d62203f1-fd94-48a9-93f7-cb4cbbe5760e}" IsUserDefined="0">
                  <labels>
                    <label description="" languagecode="1033" />
                  </labels>
                  <columns>
                    <column width="25%">
                      <sections>
                        <section name="ColorStrip" showlabel="false" showbar="false" columns="1" IsUserDefined="0" id="{b3ac43bf-e18f-42d5-9a0a-b103b1d2134b}">
                          <labels>
                            <label description="ColorStrip" languagecode="1033" />
                          </labels>
                        </section>
                      </sections>
                    </column>
                    <column width="75%">
                      <sections>
                        <section name="CardHeader" showlabel="false" showbar="false" columns="111" id="{4be427a4-4f05-4b49-a554-c0270c76e331}" IsUserDefined="0">
                          <labels>
                            <label description="Header" languagecode="1033" />
                          </labels>
                          <rows>
                            <row>
                              <cell id="{aec8237f-6df6-4a29-96b5-b5dc64ddf5eb}" showlabel="true" locklevel="0">
                                <labels>
                                  <label description="" languagecode="1033" />
                                </labels>
                                <control id="statuscode" classid="{5D68B988-0661-4db2-BC3E-17598AD3BE6C}" datafieldname="statuscode" disabled="false" />
                              </cell>
                              <cell id="{8c71c4f8-344a-484d-84fa-6aeecb7ac39e}" showlabel="true" locklevel="0">
                                <labels>
                                  <label description="" languagecode="1033" />
                                </labels>
                              </cell>
                              <cell id="{cdd37fa0-2aa1-4636-9841-f3f22c4fea6e}" showlabel="true" locklevel="0">
                                <labels>
                                  <label description="" languagecode="1033" />
                                </labels>
                              </cell>
                            </row>
                          </rows>
                        </section>
                        <section name="CardDetails" showlabel="false" showbar="false" columns="1" id="{02502d1a-6f4b-4d7e-b60c-e53a1e8013d5}" IsUserDefined="0">
                          <labels>
                            <label description="Details" languagecode="1033" />
                          </labels>
                          <rows>
                            <row>
                              <cell id="{90f0f54b-b6dd-48eb-a490-77939d5ff1dc}" showlabel="true" locklevel="0">
                                <labels>
                                  <label description="Name" languagecode="1033" />
                                </labels>
                                <control id="cjs_name" classid="{4273EDBD-AC1D-40d3-9FB2-095C621B552D}" datafieldname="cjs_name" disabled="false" />
                              </cell>
                            </row>
                          </rows>
                        </section>
                        <section name="CardFooter" showlabel="false" columns="1111" showbar="false" id="{dc157635-90f0-4570-8bd2-e4ea3bc2b13e}" IsUserDefined="0">
                          <labels>
                            <label description="Footer" languagecode="1033" />
                          </labels>
                          <rows>
                            <row>
                              <cell id="{11a6621b-fcfc-49b4-91cb-dffa62be5f66}" showlabel="true" locklevel="0">
                                <labels>
                                  <label description="" languagecode="1033" />
                                </labels>
                                <control id="createdon" classid="{270BD3DB-D9AF-4782-9025-509E298DEC0A}" datafieldname="createdon" disabled="false" />
                              </cell>
                              <cell id="{d211e23f-7452-40bc-8b7c-33d64d7dcba8}" showlabel="true" locklevel="0">
                                <labels>
                                  <label description="" languagecode="1033" />
                                </labels>
                              </cell>
                              <cell id="{29b14f8c-6783-4131-97c2-9dcbecf5142f}" showlabel="true" locklevel="0">
                                <labels>
                                  <label description="" languagecode="1033" />
                                </labels>
                              </cell>
                            </row>
                          </rows>
                        </section>
                      </sections>
                    </column>
                  </columns>
                </tab>
              </tabs>
            </form>
            <IsCustomizable>1</IsCustomizable>
            <CanBeDeleted>1</CanBeDeleted>
            <LocalizedNames>
              <LocalizedName description="Information" languagecode="1033" />
            </LocalizedNames>
            <Descriptions>
              <Description description="A card form for this entity." languagecode="1033" />
            </Descriptions>
          </systemform>
        </forms>
        <forms type="main">
          <systemform>
            <formid>{0bc9e71f-1a6a-42a4-8972-1212c66cd3a5}</formid>
            <IntroducedVersion>1.0.0.0</IntroducedVersion>
            <FormPresentation>1</FormPresentation>
            <FormActivationState>1</FormActivationState>
            <form>
              <tabs>
                <tab verticallayout="true" id="{730c35b2-9b09-4765-b5bd-b78a4170d3ff}" IsUserDefined="1">
                  <labels>
                    <label description="General" languagecode="1033" />
                  </labels>
                  <columns>
                    <column width="100%">
                      <sections>
                        <section showlabel="false" showbar="false" IsUserDefined="0" id="{89b9bcd5-71f4-4434-84bd-39a728ce5452}">
                          <labels>
                            <label description="General" languagecode="1033" />
                          </labels>
                          <rows>
                            <row>
                              <cell id="{b57184d3-324c-490a-a0e6-aeff418c4494}">
                                <labels>
                                  <label description="Name" languagecode="1033" />
                                </labels>
                                <control id="cjs_name" classid="{4273EDBD-AC1D-40d3-9FB2-095C621B552D}" datafieldname="cjs_name" />
                              </cell>
                            </row>
                          </rows>
                        </section>
                      </sections>
                    </column>
                  </columns>
                </tab>
              </tabs>
            </form>
            <IsCustomizable>1</IsCustomizable>
            <CanBeDeleted>1</CanBeDeleted>
            <LocalizedNames>
              <LocalizedName description="Information" languagecode="1033" />
            </LocalizedNames>
            <Descriptions>
              <Description description="A form for this entity." languagecode="1033" />
            </Descriptions>
          </systemform>
        </forms>
        <forms type="quick">
          <systemform>
            <formid>{3b8643ff-80a2-43e5-9e74-87f604d320dc}</formid>
            <IntroducedVersion>1.0.0.0</IntroducedVersion>
            <FormPresentation>1</FormPresentation>
            <FormActivationState>1</FormActivationState>
            <form>
              <tabs>
                <tab verticallayout="true" id="{d4aa0856-a373-4880-bc84-454a24656e8c}" IsUserDefined="1">
                  <labels>
                    <label description="" languagecode="1033" />
                  </labels>
                  <columns>
                    <column width="100%">
                      <sections>
                        <section showlabel="false" showbar="false" IsUserDefined="0" id="{d8e6fbe6-7662-4d19-8f7f-b6bacb08969a}">
                          <labels>
                            <label description="GENERAL" languagecode="1033" />
                          </labels>
                          <rows>
                            <row>
                              <cell id="{61dca6c3-4960-44ec-8c68-d9793f9bcade}">
                                <labels>
                                  <label description="Name" languagecode="1033" />
                                </labels>
                                <control id="cjs_name" classid="{4273EDBD-AC1D-40d3-9FB2-095C621B552D}" datafieldname="cjs_name" />
                              </cell>
                            </row>
                          </rows>
                        </section>
                      </sections>
                    </column>
                  </columns>
                </tab>
              </tabs>
            </form>
            <IsCustomizable>1</IsCustomizable>
            <CanBeDeleted>1</CanBeDeleted>
            <LocalizedNames>
              <LocalizedName description="Information" languagecode="1033" />
            </LocalizedNames>
          </systemform>
        </forms>
      </FormXml>
      <SavedQueries>
        <savedqueries>
          <savedquery>
            <IsCustomizable>1</IsCustomizable>
            <CanBeDeleted>0</CanBeDeleted>
            <isquickfindquery>0</isquickfindquery>
            <isprivate>0</isprivate>
            <isdefault>1</isdefault>
            <savedqueryid>{0de1af1d-ca42-4b20-8aec-6e9b01b52a82}</savedqueryid>
            <layoutxml>
              <grid name="resultset" jump="cjs_name" select="1" icon="1" preview="1">
                <row name="result" id="cjs_postactivitydatasourceid">
                  <cell name="cjs_name" width="300" />
                </row>
              </grid>
            </layoutxml>
            <querytype>0</querytype>
            <fetchxml>
              <fetch version="1.0" mapping="logical">
                <entity name="cjs_postactivitydatasource">
                  <attribute name="cjs_postactivitydatasourceid" />
                  <attribute name="cjs_name" />
                </entity>
              </fetch>
            </fetchxml>
            <IntroducedVersion>1.0.0.0</IntroducedVersion>
            <LocalizedNames>
              <LocalizedName description="All PostActivity Datasources" languagecode="1033" />
            </LocalizedNames>
          </savedquery>
          <savedquery>
            <IsCustomizable>1</IsCustomizable>
            <CanBeDeleted>0</CanBeDeleted>
            <isquickfindquery>0</isquickfindquery>
            <isprivate>0</isprivate>
            <isdefault>1</isdefault>
            <savedqueryid>{2d7501ef-ea75-4006-a247-3e291fcec67b}</savedqueryid>
            <layoutxml>
              <grid name="resultset" jump="cjs_name" select="1" icon="1" preview="1">
                <row name="result" id="cjs_postactivitydatasourceid">
                  <cell name="cjs_name" width="300" />
                </row>
              </grid>
            </layoutxml>
            <querytype>1</querytype>
            <fetchxml>
              <fetch version="1.0" mapping="logical">
                <entity name="cjs_postactivitydatasource">
                  <attribute name="cjs_postactivitydatasourceid" />
                  <attribute name="cjs_name" />
                </entity>
              </fetch>
            </fetchxml>
            <IntroducedVersion>1.0.0.0</IntroducedVersion>
            <LocalizedNames>
              <LocalizedName description="PostActivity Datasource Advanced Find View" languagecode="1033" />
            </LocalizedNames>
          </savedquery>
          <savedquery>
            <IsCustomizable>1</IsCustomizable>
            <CanBeDeleted>0</CanBeDeleted>
            <isquickfindquery>0</isquickfindquery>
            <isprivate>0</isprivate>
            <isdefault>1</isdefault>
            <savedqueryid>{7c2e3593-de69-487f-872f-1ac0120cd407}</savedqueryid>
            <layoutxml>
              <grid name="cjs_postactivitydatasources" jump="cjs_name" select="1" icon="1" preview="1">
                <row name="cjs_postactivitydatasource" id="cjs_postactivitydatasourceid">
                  <cell name="cjs_name" width="300" />
                </row>
              </grid>
            </layoutxml>
            <querytype>2</querytype>
            <fetchxml>
              <fetch version="1.0" mapping="logical">
                <entity name="cjs_postactivitydatasource">
                  <attribute name="cjs_postactivitydatasourceid" />
                  <attribute name="cjs_name" />
                </entity>
              </fetch>
            </fetchxml>
            <IntroducedVersion>1.0.0.0</IntroducedVersion>
            <LocalizedNames>
              <LocalizedName description="PostActivity Datasource Associated View" languagecode="1033" />
            </LocalizedNames>
          </savedquery>
          <savedquery>
            <IsCustomizable>1</IsCustomizable>
            <CanBeDeleted>0</CanBeDeleted>
            <isquickfindquery>0</isquickfindquery>
            <isprivate>0</isprivate>
            <isdefault>1</isdefault>
            <savedqueryid>{59f8432d-4019-43c7-97c0-75f5de05c46b}</savedqueryid>
            <layoutxml>
              <grid name="cjs_postactivitydatasources" jump="cjs_name" select="1" icon="1" preview="0">
                <row name="cjs_postactivitydatasource" id="cjs_postactivitydatasourceid">
                  <cell name="cjs_name" width="300" />
                </row>
              </grid>
            </layoutxml>
            <querytype>64</querytype>
            <fetchxml>
              <fetch version="1.0" mapping="logical">
                <entity name="cjs_postactivitydatasource">
                  <attribute name="cjs_postactivitydatasourceid" />
                  <attribute name="cjs_name" />
                </entity>
              </fetch>
            </fetchxml>
            <IntroducedVersion>1.0.0.0</IntroducedVersion>
            <LocalizedNames>
              <LocalizedName description="PostActivity Datasource Lookup View" languagecode="1033" />
            </LocalizedNames>
          </savedquery>
          <savedquery>
            <IsCustomizable>1</IsCustomizable>
            <CanBeDeleted>0</CanBeDeleted>
            <isquickfindquery>0</isquickfindquery>
            <isprivate>0</isprivate>
            <isdefault>1</isdefault>
            <savedqueryid>{4b949c50-e779-03ff-9d40-d93b323d9e67}</savedqueryid>
            <layoutxml>
              <grid name="resultset" jump="cjs_name" select="1" icon="1" preview="1">
                <row name="result" id="cjs_postactivitydatasourceid">
                  <cell name="cjs_name" width="300" />
                </row>
              </grid>
            </layoutxml>
            <querytype>1048576</querytype>
            <fetchxml>
              <fetch version="1.0" mapping="logical">
                <entity name="cjs_postactivitydatasource">
                  <attribute name="cjs_postactivitydatasourceid" />
                  <attribute name="cjs_name" />
                </entity>
              </fetch>
            </fetchxml>
            <IntroducedVersion>1.0.0.0</IntroducedVersion>
            <LocalizedNames>
              <LocalizedName description="PostActivity Datasources Copilot View" languagecode="1033" />
            </LocalizedNames>
          </savedquery>
          <savedquery>
            <IsCustomizable>1</IsCustomizable>
            <CanBeDeleted>1</CanBeDeleted>
            <isquickfindquery>0</isquickfindquery>
            <isprivate>0</isprivate>
            <isdefault>1</isdefault>
            <savedqueryid>{5810af5d-da1f-ef11-840b-6045bde7a87b}</savedqueryid>
            <querytype>8192</querytype>
            <fetchxml>
              <fetch version="1.0" mapping="logical" output-format="xml-platform">
                <entity name="cjs_postactivitydatasource">
                  <attribute name="cjs_postactivitydatasourceid" />
                </entity>
              </fetch>
            </fetchxml>
            <IntroducedVersion>1.0.0.0</IntroducedVersion>
            <LocalizedNames>
              <LocalizedName description="PostActivity Datasources" languagecode="1033" />
            </LocalizedNames>
            <Descriptions>
              <Description description="All active PostActivity Datasources" languagecode="1033" />
            </Descriptions>
          </savedquery>
          <savedquery>
            <IsCustomizable>1</IsCustomizable>
            <CanBeDeleted>0</CanBeDeleted>
            <isquickfindquery>1</isquickfindquery>
            <isprivate>0</isprivate>
            <isdefault>1</isdefault>
            <savedqueryid>{cdf9377c-4a26-41c5-b020-96cc62d259c1}</savedqueryid>
            <layoutxml>
              <grid name="resultset" jump="cjs_name" select="1" icon="1" preview="1">
                <row name="result" id="cjs_postactivitydatasourceid">
                  <cell name="cjs_name" width="300" />
                </row>
              </grid>
            </layoutxml>
            <querytype>4</querytype>
            <fetchxml>
              <fetch version="1.0" mapping="logical">
                <entity name="cjs_postactivitydatasource">
                  <attribute name="cjs_postactivitydatasourceid" />
                  <attribute name="cjs_name" />
                </entity>
              </fetch>
            </fetchxml>
            <IntroducedVersion>1.0.0.0</IntroducedVersion>
            <LocalizedNames>
              <LocalizedName description="Quick Find Active PostActivity Datasources" languagecode="1033" />
            </LocalizedNames>
          </savedquery>
        </savedqueries>
      </SavedQueries>
      <RibbonDiffXml>
        <CustomActions />
        <Templates>
          <RibbonTemplates Id="Mscrm.Templates"></RibbonTemplates>
        </Templates>
        <CommandDefinitions />
        <RuleDefinitions>
          <TabDisplayRules />
          <DisplayRules />
          <EnableRules />
        </RuleDefinitions>
        <LocLabels />
      </RibbonDiffXml>
    </Entity>
  </Entities>
  <Roles></Roles>
  <Workflows></Workflows>
  <FieldSecurityProfiles></FieldSecurityProfiles>
  <Templates />
  <EntityMaps />
  <EntityRelationships>
    <EntityRelationship Name="cjs_account_cjs_postactivity">
      <EntityRelationshipType>OneToMany</EntityRelationshipType>
      <IsCustomizable>1</IsCustomizable>
      <IntroducedVersion>1.0.0.0</IntroducedVersion>
      <IsHierarchical>0</IsHierarchical>
      <ReferencingEntityName>cjs_postactivity</ReferencingEntityName>
      <ReferencedEntityName>Account</ReferencedEntityName>
      <CascadeAssign>NoCascade</CascadeAssign>
      <CascadeDelete>NoCascade</CascadeDelete>
      <CascadeArchive>RemoveLink</CascadeArchive>
      <CascadeReparent>NoCascade</CascadeReparent>
      <CascadeShare>NoCascade</CascadeShare>
      <CascadeUnshare>NoCascade</CascadeUnshare>
      <CascadeRollupView>NoCascade</CascadeRollupView>
      <IsValidForAdvancedFind>1</IsValidForAdvancedFind>
      <ReferencingAttributeName>cjs_accountid</ReferencingAttributeName>
      <RelationshipDescription>
        <Descriptions>
          <Description description="Unique identifier for Account associated with Post Activity." languagecode="1033" />
        </Descriptions>
      </RelationshipDescription>
      <EntityRelationshipRoles>
        <EntityRelationshipRole>
          <NavPaneDisplayOption>UseCollectionName</NavPaneDisplayOption>
          <NavPaneArea>Details</NavPaneArea>
          <NavPaneOrder>10000</NavPaneOrder>
          <NavigationPropertyName>cjs_accountid</NavigationPropertyName>
          <CustomLabels>
            <CustomLabel description="" languagecode="1033" />
          </CustomLabels>
          <RelationshipRoleType>1</RelationshipRoleType>
        </EntityRelationshipRole>
        <EntityRelationshipRole>
          <NavigationPropertyName>cjs_account_cjs_postactivity</NavigationPropertyName>
          <RelationshipRoleType>0</RelationshipRoleType>
        </EntityRelationshipRole>
      </EntityRelationshipRoles>
    </EntityRelationship>
  </EntityRelationships>
  <OrganizationSettings />
  <optionsets />
  <WebResources>
    <WebResource>
      <WebResourceId>{565cd27a-7522-ef11-840a-7c1e5205c20b}</WebResourceId>
      <Name>cjs_PostActivityRecordSource</Name>
      <DisplayName>PostActivity Record Source</DisplayName>
      <WebResourceType>3</WebResourceType>
      <IntroducedVersion>1.0.0.4</IntroducedVersion>
      <IsEnabledForMobileClient>0</IsEnabledForMobileClient>
      <IsAvailableForMobileOffline>0</IsAvailableForMobileOffline>
      <DependencyXml>&lt;Dependencies&gt;&lt;Dependency componentType="WebResource"/&gt;&lt;/Dependencies&gt;</DependencyXml>
      <IsCustomizable>1</IsCustomizable>
      <CanBeDeleted>1</CanBeDeleted>
      <IsHidden>0</IsHidden>
      <FileName>/WebResources/cjs_PostActivityRecordSource565CD27A-7522-EF11-840A-7C1E5205C20B</FileName>
    </WebResource>
  </WebResources>
  <CustomControls />
  <SolutionPluginAssemblies>
    <PluginAssembly FullName="JsonDataProvider, Version=1.0.0.0, Culture=neutral, PublicKeyToken=9e4eab799cee816a" PluginAssemblyId="7e4436e2-91d6-4f8a-996c-42ba7751aae9" CustomizationLevel="1">
      <IsolationMode>2</IsolationMode>
      <SourceType>0</SourceType>
      <IntroducedVersion>1.0</IntroducedVersion>
      <FileName>/PluginAssemblies/JsonDataProvider-7E4436E2-91D6-4F8A-996C-42BA7751AAE9/JsonDataProvider.dll</FileName>
      <PluginTypes>
        <PluginType AssemblyQualifiedName="JsonDataProvider.PostActivityRetrieve, JsonDataProvider, Version=1.0.0.0, Culture=neutral, PublicKeyToken=9e4eab799cee816a" PluginTypeId="8ef0ccdd-a009-4e9a-b290-74de313dadcc" Name="JsonDataProvider.PostActivityRetrieve">
          <FriendlyName>877433c1-24f3-42ca-8f00-23e450d65d3a</FriendlyName>
        </PluginType>
        <PluginType AssemblyQualifiedName="JsonDataProvider.PostActivityRetrieveMultiple, JsonDataProvider, Version=1.0.0.0, Culture=neutral, PublicKeyToken=9e4eab799cee816a" PluginTypeId="ee4168c9-a14f-4461-8d0e-92d9a16059e6" Name="JsonDataProvider.PostActivityRetrieveMultiple">
          <FriendlyName>cc2ad90e-3e6b-4241-8e77-cf4783e7dd7a</FriendlyName>
        </PluginType>
      </PluginTypes>
    </PluginAssembly>
  </SolutionPluginAssemblies>
  <AppModuleSiteMaps>
    <AppModuleSiteMap>
      <SiteMapUniqueName>crfe0_PostActivityApp</SiteMapUniqueName>
      <EnableCollapsibleGroups>False</EnableCollapsibleGroups>
      <ShowHome>True</ShowHome>
      <ShowPinned>True</ShowPinned>
      <ShowRecents>True</ShowRecents>
      <SiteMap IntroducedVersion="7.0.0.0">
        <Area Id="area_1eaa07ce" ResourceId="SitemapDesigner.NewTitle" DescriptionResourceId="SitemapDesigner.NewTitle" ShowGroups="true" IntroducedVersion="7.0.0.0">
          <Titles>
            <Title LCID="1033" Title="Area1" />
          </Titles>
          <Group Id="group_f7e0541b" ResourceId="SitemapDesigner.NewGroup" DescriptionResourceId="SitemapDesigner.NewGroup" IntroducedVersion="7.0.0.0" IsProfile="false" ToolTipResourseId="SitemapDesigner.Unknown">
            <SubArea Id="subarea_7164734c" Icon="/_imgs/imagestrips/transparent_spacer.gif" Entity="account" Client="All,Outlook,OutlookLaptopClient,OutlookWorkstationClient,Web" AvailableOffline="true" PassParams="false" Sku="All,OnPremise,Live,SPLA" />
            <SubArea Id="subarea_5f92fc8c" Icon="/_imgs/imagestrips/transparent_spacer.gif" Entity="cjs_postactivity" Client="All,Outlook,OutlookLaptopClient,OutlookWorkstationClient,Web" AvailableOffline="true" PassParams="false" Sku="All,OnPremise,Live,SPLA" />
          </Group>
        </Area>
      </SiteMap>
      <LocalizedNames>
        <LocalizedName description="Post Activity App" languagecode="1033" />
      </LocalizedNames>
    </AppModuleSiteMap>
  </AppModuleSiteMaps>
  <AppModules>
    <AppModule>
      <UniqueName>crfe0_PostActivityApp</UniqueName>
      <IntroducedVersion>1.0.0.0</IntroducedVersion>
      <WebResourceId>953b9fac-1e5e-e611-80d6-00155ded156f</WebResourceId>
      <OptimizedFor></OptimizedFor>
      <statecode>0</statecode>
      <statuscode>1</statuscode>
      <FormFactor>1</FormFactor>
      <ClientType>4</ClientType>
      <NavigationType>0</NavigationType>
      <AppModuleComponents>
        <AppModuleComponent type="1" schemaName="cjs_postactivity" />
        <AppModuleComponent type="1" schemaName="account" />
        <AppModuleComponent type="62" schemaName="crfe0_PostActivityApp" />
      </AppModuleComponents>
      <AppModuleRoleMaps>
        <Role id="{627090ff-40a3-4053-8790-584edc5be201}" />
        <Role id="{119f245c-3cc8-4b62-b31c-d1a046ced15d}" />
      </AppModuleRoleMaps>
      <LocalizedNames>
        <LocalizedName description="Post Activity App" languagecode="1033" />
      </LocalizedNames>
      <appsettings>
        <appsetting settingdefinitionid.uniquename="AppChannel">
          <iscustomizable>1</iscustomizable>
          <value>1</value>
        </appsetting>
      </appsettings>
    </AppModule>
  </AppModules>
  <EntityDataProviders>
    <EntityDataProvider>
      <EntityDataProviderId>{871a8db4-dd1f-ef11-840b-6045bde7a87b}</EntityDataProviderId>
      <Name>PostActivity Provider</Name>
      <DataSourceLogicalName>cjs_postactivitydatasource</DataSourceLogicalName>
      <IsCustomizable>1</IsCustomizable>
      <RetrievePluginTypeId>8ef0ccdd-a009-4e9a-b290-74de313dadcc</RetrievePluginTypeId>
      <RetrieveMultiplePluginTypeId>ee4168c9-a14f-4461-8d0e-92d9a16059e6</RetrieveMultiplePluginTypeId>
      <CreatePluginTypeId>c1919979-0021-4f11-a587-a8f904bdfdf9</CreatePluginTypeId>
      <UpdatePluginTypeId>c1919979-0021-4f11-a587-a8f904bdfdf9</UpdatePluginTypeId>
      <DeletePluginTypeId>c1919979-0021-4f11-a587-a8f904bdfdf9</DeletePluginTypeId>
    </EntityDataProvider>
  </EntityDataProviders>
  <EntityDataSources>
    <EntityDataSource EntityDataSourceId="{5c13ae7f-1720-ef11-840b-6045bde7a87b}">
      <Name>Post Activity - JSON Source</Name>
      <ConnectionDefinition>%7B%0D%0A++%22cjs_name%22%3A+%22Post+Activity+-+JSON+Source%22%2C%0D%0A++%22cjs_postactivityid%22%3A+%225c13ae7f-1720-ef11-840b-6045bde7a87b%22%0D%0A%7D</ConnectionDefinition>
      <EntityDataProviderId>{871a8db4-dd1f-ef11-840b-6045bde7a87b}</EntityDataProviderId>
      <IsCustomizable>1</IsCustomizable>
    </EntityDataSource>
  </EntityDataSources>
  <Languages>
    <Language>1033</Language>
  </Languages>
</ImportExportXml>