[
  { "key": "textbox", "name": "Textbox", "icon": "TextField", "category": "Text", "validForCondition": true },
  { "key": "textarea", "name": "Text Area", "icon": "AlignJustify", "category": "Text", "subCategory": "LargeText", "validForCondition": true },
  { "key": "richtexteditor", "name": "Rich Text Editor", "icon": "EditStyle", "category": "Text", "subCategory": "LargeText", "validForCondition": true },
  { "key": "email", "name": "Email", "icon": "Mail", "category": "Text", "validForCondition": true },
  { "key": "phonenumber", "name": "Phone Number", "icon": "Phone", "category": "Text", "validForCondition": true },
  { "key": "password", "name": "Password", "icon": "PasswordField", "category": "Text", "validForCondition": true },
  { "key": "multitabtext", "name": "Multitab Text", "icon": "Link", "category": "Text", "subCategory": "LargeText", "validForCondition": true },
  { "key": "notescomponent", "name": "Notes Component", "icon": "Pinned", "category": "Text", "subCategory": "LargeText", "validForCondition": true },
  { "key": "url", "name": "Url", "icon": "Link", "category": "Text", "validForCondition": false },
  { "key": "signature", "name": "Signature", "icon": "SingleColumnEdit", "category": "Text", "validForCondition": false },
  { "key": "wholenumber", "name": "Whole Number", "icon": "NumberSymbol", "category": "Number", "validForCondition": true },
  { "key": "decimal", "name": "Decimal", "icon": "Decimals", "category": "Number", "validForCondition": true },
  { "key": "float", "name": "Float", "icon": "CalculatorPercentage", "category": "Number", "validForCondition": true },
  { "key": "datetime", "name": "Date & Time", "icon": "DateTime", "category": "Date", "subCategory": "DateTime", "validForCondition": true },
  { "key": "date", "name": "Date Only", "icon": "Calendar", "category": "Date", "subCategory": "DateOnly", "validForCondition": true },
  { "key": "time", "name": "Time Only", "icon": "Clock", "category": "Date", "subCategory": "TimeOnly", "validForCondition": true },
  { "key": "calendar", "name": "Calendar", "icon": "Calendar", "category": "Date", "validForCondition": false },
  { "key": "singleselectdropdown", "name": "Single Select Dropdown", "icon": "DropDown", "category": "Choice", "subCategory": "List", "multiSelect": false, "validForCondition": true },
  { "key": "multiselectdropdown", "name": "MultiSelect Dropdown", "icon": "CheckList", "category": "Choice", "subCategory": "List", "multiSelect": true, "validForCondition": true },
  { "key": "choicegroup", "name": "Choice Group", "icon": "RadioBtnOn", "category": "Choice", "subCategory": "List", "multiSelect": false, "validForCondition": true },
  { "key": "checkboxgroup", "name": "Checkbox Group", "icon": "CheckboxComposite", "category": "Choice", "subCategory": "List", "multiSelect": true, "validForCondition": true },
  { "key": "listbox", "name": "Listbox", "icon": "CustomList", "category": "Choice", "subCategory": "List", "multiSelect": false, "validForCondition": true },
  { "key": "multiselectlistbox", "name": "Multi Select Listbox", "icon": "MultiSelect", "category": "Choice", "subCategory": "List", "multiSelect": true, "validForCondition": true },
  { "key": "toggle", "name": "Yes/No", "icon": "ToggleLeft", "category": "Choice", "subCategory": "Boolean", "validForCondition": true },
  { "key": "htmlcontent", "name": "Html Content", "icon": "FileHTML", "category": "Html", "validForCondition": false },
  { "key": "hintcontrol", "name": "Hint Control", "icon": "Comment", "category": "Html", "validForCondition": false },
  { "key": "iframe", "name": "IFrame", "icon": "Embed", "category": "Html", "validForCondition": false },
  { "key": "spacer", "name": "Spacer", "icon": "Embed", "category": "Html", "validForCondition": false },
  { "key": "noticefield", "name": "Notice Field", "icon": "Info", "category": "Html", "validForCondition": false }
]
