{
  "page": {
    "idField": "id",
    "displayName": "Page",
    "propertyCategories": [
      {
        "name": "General",
        "properties": [
          { "key": "name", "label": "Name", "type": "text", "required": true, "description": "The name of the page (will be used internally only - no space allowed)" },
          { "key": "displayName", "label": "Title", "type": "text", "required": true, "description": "The title of the page" },
          { "key": "pageHeight", "label": "Page Height", "type": "numeric", "required": true, "description": "The height of the page", "defaultValue": 650 },
          { "key": "showSummary", "label": "Show Summary", "type": "toggle", "defaultValue": false, "description": "Show the summary page at the end of the form" },
          { "key": "isBubbleDownRuleProcessing", "label": "Is Bubble Down Rule Processing?", "type": "toggle", "defaultValue": true, "description": "Bubble down rule processing" },
          { "key": "isLoggingEnabled", "label": "Is Logging Enabled?", "type": "toggle", "defaultValue": false, "description": "Enable logging" },
          { "key": "validationMode", "label": "Validation Mode", "type": "dropdown", "options": [
            { "key": "none", "text": "None" },
            { "key": "tab", "text": "Tab" },
            { "key": "form", "text": "Form" }
          ], "defaultValue": "none", "description": "Validation mode" }
        ]
      },
      {
        "name": "Advanced",
        "properties": [
          { "key": "pageSummaryButtonText", "label": "Page Summary Button Text", "type": "text", "description": "Text of the summary button" },
          { "key": "pageSummaryPreviousButtonText", "label": "Page Summary Previous Button Text", "type": "text", "description": "Text of the previous button on the final summary page" },
          { "key": "pageSummaryFinishButtonText", "label": "Page Summary Finish Button Text", "type": "text", "description": "Text of the finish button on the final summary page" },
          { "key": "pageSummaryText", "label": "Page Summary Text", "type": "text", "description": "Text of the final summary page" },
          { "key": "pageSummaryTitle", "label": "Page Summary Title", "type": "text", "description": "Title of the final summary page" }
        ]
      }
    ]
  },
  "form": {
    "idField": "id",
    "displayName": "Form",
    "propertyCategories": [
      {
        "name": "General",
        "properties": [
          { "key": "name", "label": "Name (used in form designer)", "type": "text", "required": true, "description": "The name of the form (will be used internally only - no space allowed)" },
          { "key": "title", "label": "Title (used in rendered form)", "type": "text", "required": true, "description": "The title of the form" },
          { "key": "description", "label": "Description", "type": "textarea", "rows": 2, "required": true, "description": "The description of the form" },
          { 
            "key": "type", 
            "label": "Form Type", 
            "type": "dropdown",
            "required": true,
            "options": [
              { "key": "standard", "text": "Standard" },
              { "key": "wizard", "text": "Wizard" }
            ]
          },
          { "key": "showBorder", "label": "Show Border", "type": "toggle" },
          { "key": "borderColor", "label": "Border Color", "type": "color", "defaultValue": "#cccccc" }
        ]
      },
      {
        "name":"Behavior",
        "properties":[
          { "key": "isVisible", "label": "Visible", "type": "toggle", "defaultValue": true },
          { "key": "showNextFormAfterSummary", "label": "Show Next Form After Summary", "type": "toggle", "defaultValue": false, "description": "Whether to show the next form after the summary page" },
          { "key": "showSummaryAsDialog", "label": "Show Summary as Dialog", "type": "toggle", "description": "Show the summary as a dialog instead of the summary page" }
        ]
      },
      {
        "name": "Others",
        "properties": [
          { "key": "summaryText", "label": "Summary Page Text", "type": "text", "description": "Text of the summary page" },
          { "key": "summaryTitle", "label": "Summary Page Title", "type": "text", "description": "Title of the summary page" },
          { "key": "summaryPreviousButtonText", "label": "Summary Page Previous Button Text", "type": "text", "description": "Label of the previous button on the summary page" },
          { "key": "summaryFinishButtonText", "label": "Summary Page Finish Button Text", "type": "text", "description": "Label of the finish button on the summary page" },
          { "key": "formSubmissionMessage", "label": "Form Submission Message", "type": "text", "description": "Form Submission Message" },
          { "key": "saveButtonText", "label": "Form Save Button Text", "type": "text", "description":"Form Save Button Text" }
        ]
      }
    ]
  },
  "tab": {
    "idField": "id",
    "displayName": "Tab",
    "propertyCategories": [
      {
        "name": "General",
        "properties": [
          { "key": "title", "label": "Title", "type": "text" },
          { "key": "isVisible", "label": "Visible", "type": "toggle" },
          { "key": "icon", "label": "Icon", "type": "text", "description": "FluentUI icon name" },
          { "key": "showLeftButton", "label": "Show Previous Button", "type": "toggle", "defaultValue": true, "description": "Show the previous button" },
          { "key": "showRightButton", "label": "Show Next Button", "type": "toggle", "defaultValue": true, "description": "Show the next button" },
          { "key": "showSaveButton", "label": "Show Save Button", "type": "toggle", "defaultValue": true, "description": "Show the save button" },
          { "key": "showBorder", "label": "Show Border", "type": "toggle" },
          { "key": "borderColor", "label": "Border Color", "type": "color", "defaultValue": "#cccccc" }
        ]
      },
      {
        "name": "Behavior",
        "properties": [
          { "key": "leftButtonText", "label": "Previous Button Text", "type": "text", "description": "Label of the previous button" },
          { "key": "rightButtonText", "label": "Next Button Text", "type": "text", "description": "Label of the next button" },
          { "key": "finishButtonText", "label": "Finish Button Text", "type": "text", "description": "Label of the finish button" },
          { "key": "leftButtonIcon", "label": "Previous Button Icon (FluentUI icon name)", "type": "text", "description": "Icon of the previous button"},
          { "key": "rightButtonIcon", "label": "Next Button Icon (FluentUI icon name)", "type": "text", "description": "Icon of the next button" },
          { "key": "saveButtonIcon", "label": "Save Button Icon (FluentUI icon name)", "type": "text", "description": "Icon of the save button" }
        ]
      }
    ]
  },
  "section": {
    "idField": "id",
    "displayName": "Section",
    "propertyCategories": [
      {
        "name": "General",
        "properties": [
          { "key": "title", "label": "Title", "type": "text" },
          { "key": "isVisible", "label": "Visible", "type": "toggle" },
          { "key": "showBorder", "label": "Show Border", "type": "toggle" },
          { "key": "borderColor", "label": "Border Color", "type": "color", "defaultValue": "#cccccc" }
        ]
      }
    ]
  },
  "field": {
    "idField": "id",
    "displayName": "Field",
    "propertyCategories": [
      {
        "name": "General",
        "properties": [
          { "key": "key", "label": "Key", "type": "text", "applicableTypes": "all" },
          { "key": "type", "label": "Field Type", "type": "fieldType", "applicableTypes": "all" },
          { "key": "label", "label": "Label", "type": "text", "applicableTypes": "all" },
          { "key": "description", "label": "Description", "type": "textarea", "rows": 2, "applicableTypes": "all" },
          { "key": "placeHolderText", "label": "Placeholder", "type": "text", "applicableTypes": ["textbox", "textarea", "email", "password", "url", "phonenumber", "richtexteditor", "singleselectdropdown", "multiselectdropdown"] },
          { "key": "ariaLabel", "label": "Aria Label", "type": "text", "applicableTypes": "all" },
          { "key": "labelPosition", "label": "Label Position", "type": "dropdown", "options": [
            { "key": "top", "text": "Top" },
            { "key": "left", "text": "Left" }
          ], "defaultValue": "top", "applicableTypes": "all" }
        ]
      },
      {
        "name": "Behavior",
        "properties": [
          { "key": "required", "label": "Required", "type": "toggle", "defaultValue": false, "applicableTypes": "all", "excludedTypes": ["htmlcontent", "hintcontrol", "iframe", "spacer", "noticefield"] },
          { "key": "readOnly", "label": "Read Only", "type": "toggle", "defaultValue": false, "applicableTypes": "all", "excludedTypes": ["htmlcontent", "hintcontrol", "iframe", "spacer", "noticefield"] },
          { "key": "isDisabled", "label": "Disabled", "type": "toggle", "defaultValue": false, "applicableTypes": "all", "excludedTypes": ["htmlcontent", "hintcontrol", "iframe", "spacer", "noticefield"] },
          { "key": "restrictPaste", "label": "Restrict Paste", "type": "toggle", "applicableTypes": ["textbox", "textarea", "email", "password", "url", "richtexteditor", "multitabtext", "wholenumber", "decimal", "float"] },
          { "key": "isVisible", "label": "Visible", "type": "toggle", "defaultValue": true, "applicableTypes": "all" },
          { "key": "hideLabel", "label": "Hide Label", "type": "toggle", "applicableTypes": "all", "defaultValue": false, "excludedTypes": ["htmlcontent", "hintcontrol", "iframe", "spacer", "noticefield"] },
          { "key": "hideLabel", "label": "Hide Label", "type": "toggle", "applicableTypes": ["htmlcontent", "hintcontrol", "iframe", "spacer", "noticefield"], "defaultValue": true },
          { "key": "canShowEditHtml", "label": "Can Show Edit Html?", "type": "toggle", "applicableTypes": ["richtexteditor"] },
          { "key": "backgroundColor", "label": "Background Color", "type": "color", "applicableTypes": ["hintcontrol"] },
          { "key": "iconColor", "label": "Icon Color", "type": "color", "applicableTypes": ["hintcontrol"] },
          { "key": "textColor", "label": "Text Color", "type": "color", "applicableTypes": ["hintcontrol"] },
          { "key": "iconSize", "label": "Icon Size", "type": "numeric", "applicableTypes": ["hintcontrol"], "defaultValue": "32" },
          { "key": "noticeTitleIsHtml", "label": "Title is Html?", "type": "toggle", "applicableTypes": ["noticefield"] },
          { "key": "noticeSubtitleIsHtml", "label": "Subtitle is Html?", "type": "toggle", "applicableTypes": ["noticefield"] },
          { "key": "noticeMessagesIsHtml", "label": "Messages is Html?", "type": "toggle", "applicableTypes": ["noticefield"] },
          { "key": "backgroundColor", "label": "Background Color", "type": "color", "applicableTypes": ["noticefield"], "defaultValue": "#f3f2f1" },
          { "key": "foregroundColor", "label": "Text Color", "type": "color", "applicableTypes": ["noticefield"], "defaultValue": "#323130" },
          { "key": "noticeCardStripColor", "label": "Card Strip Color", "type": "color", "applicableTypes": ["noticefield"], "defaultValue": "#0078d4" },
          { "key": "noticeCardBackgroundColor", "label": "Card Background Color", "type": "color", "applicableTypes": ["noticefield"], "defaultValue": "#ffffff" },
          { "key": "noticeCardForegroundColor", "label": "Card Text Color", "type": "color", "applicableTypes": ["noticefield"], "defaultValue": "#323130" },
          { "key": "showBorder", "label": "Show Border", "type": "toggle", "applicableTypes": "all"},
          { "key": "borderColor", "label": "Border Color", "type": "color", "applicableTypes": "all", "defaultValue": "#cccccc" },
          { "key": "noPadding", "label": "No Padding", "type": "toggle", "applicableTypes": "all"},
          { "key": "listboxNoSelectionMode", "label": "No Selection mode", "type": "toggle", "applicableTypes": ["listbox"]}
        ]
      },
      {
        "name": "Others",
        "properties": [
          { "key": "requiredFieldMessage", "label": "Required Field Message", "type": "text", "applicableTypes": "all", "excludedTypes": ["htmlcontent", "hintcontrol", "iframe", "spacer", "noticefield"]},
          { "key": "minLength", "label": "Min Length", "type": "numeric", "min": 0, "max": 1000, "step": 1, "defaultValue": 0, "applicableTypes": ["textbox", "textarea", "email", "password", "url"] },
          { "key": "maxLength", "label": "Max Length", "type": "numeric", "min": 0, "max": 5000, "step": 1, "defaultValue": 1000, "applicableTypes": ["textbox", "textarea", "email", "password", "url"] },
          { "key": "minValue", "label": "Min Value", "type": "numeric", "applicableTypes": ["wholenumber"] },
          { "key": "minValue", "label": "Min Value", "type": "numeric", "numberType":"decimal", "applicableTypes": ["decimal"] },
          { "key": "minValue", "label": "Min Value", "type": "numeric", "numberType":"float", "applicableTypes": ["float"] },
          { "key": "minValue", "label": "Min Value", "type": "time", "applicableTypes": ["time"] },
          { "key": "maxValue", "label": "Max Value", "type": "numeric", "applicableTypes": ["wholenumber"] },
          { "key": "maxValue", "label": "Max Value", "type": "numeric", "numberType":"decimal", "applicableTypes": ["decimal"] },
          { "key": "maxValue", "label": "Max Value", "type": "numeric", "numberType":"float", "applicableTypes": ["float"] },
          { "key": "maxValue", "label": "Max Value", "type": "time", "applicableTypes": ["time"] },
          { "key": "minDate", "label": "Min Date", "type": "datetime", "applicableTypes": ["datetime"] },
          { "key": "minDate", "label": "Min Date", "type": "date", "applicableTypes": ["date"] },
          { "key": "maxDate", "label": "Max Date", "type": "datetime", "applicableTypes": ["datetime"] },
          { "key": "maxDate", "label": "Max Date", "type": "date", "applicableTypes": ["date"] },
          { "key": "options", "label": "Options", "type": "optionsEditor", "applicableTypes": ["singleselectdropdown", "multiselectdropdown", "choicegroup", "listbox", "multiselectlistbox", "checkboxgroup"] },
          { "key": "useTextForOptionValue", "label": "Use Text For Value", "type": "toggle", "applicableTypes": ["singleselectdropdown", "multiselectdropdown", "choicegroup", "listbox", "multiselectlistbox", "checkboxgroup"] },
          { "key": "includeEmptyOption", "label": "Include Empty Option", "type": "toggle", "applicableTypes": ["singleselectdropdown", "multiselectdropdown"] },
          { "key": "toolbarConfig", "label": "RTE Toolbar Configuration", "type": "rtetoolbarconfig", "defaultValue": "basic", "applicableTypes": ["richtexteditor"] },
          { "key": "htmlContent", "label": "Html Content", "type": "richtexteditor", "applicableTypes": ["htmlcontent"] },
          { "key": "iFrameUrl", "label": "iFrame Url", "type": "text", "applicableTypes": ["iframe"] },
          { "key": "sandboxVerbs", "label": "Sandbox Verbs", "type": "text", "applicableTypes": ["iframe"] },
          { "key": "maxHeight", "label": "Max Height", "type": "numeric", "applicableTypes": ["listbox", "multiselectlistbox", "richtexteditor", "multitabtext"] },
          { "key": "uiConfig", "label": "Multitab Text UI Config", "type": "multitabtextconfig", "applicableTypes": ["multitabtext"] },
          { "key": "iconName", "label": "Icon Name", "type": "text", "applicableTypes": ["hintcontrol"], "defaultValue": "Comment" },
          { "key": "message", "label": "Message", "type": "text", "applicableTypes": ["hintcontrol"], "defaultValue": "Test Message" },
          { "key": "isHtml", "label": "Is Html", "type": "toggle", "applicableTypes": ["hintcontrol"] },
          { "key": "noticeTitle", "label": "Notice Title", "type": "text", "applicableTypes": ["noticefield"] },
          { "key": "noticeSubtitle", "label": "Notice Subtitle", "type": "text", "applicableTypes": ["noticefield"] },
          { "key": "noticeMessages", "label": "Notice Messages", "type": "richtexteditor", "applicableTypes": ["noticefield"] },
          { "key": "maxSelectedItemCount", "label": "Max Selected Item Count", "type": "numeric", "applicableTypes": ["multiselectdropdown", "multiselectlistbox", "checkboxgroup"] },
          { "key": "value", "label": "Default Value", "type": "numeric", "applicableTypes": ["wholenumber"] },
          { "key": "value", "label": "Default Value", "type": "numeric", "numberType":"decimal", "applicableTypes": ["decimal"] },
          { "key": "value", "label": "Default Value", "type": "numeric", "numberType":"float", "applicableTypes": ["float"] },
          { "key": "value", "label": "Default Value", "type": "choiceDefaultValueSelector", "applicableTypes": ["singleselectdropdown", "choicegroup", "listbox"] },
          { "key": "value", "label": "Default Value", "type": "choiceDefaultValueSelector", "multiSelect": true, "applicableTypes": ["multiselectdropdown", "multiselectlistbox", "checkboxgroup"] },
          { "key": "value", "label": "Default Value", "type": "text", "applicableTypes": ["textbox", "textarea", "email", "password", "url", "phonenumber", "richtexteditor"] },
          { "key": "value", "label": "Default Value", "type": "datetime", "applicableTypes": ["datetime"] },
          { "key": "value", "label": "Default Value", "type": "date", "applicableTypes": ["date"] },
          { "key": "value", "label": "Default Value", "type": "time", "applicableTypes": ["time"] },
          { "key": "value", "label": "Default Value", "type": "toggle", "applicableTypes": ["toggle"] },
          { "key": "contentAlignment", "label": "Content Alignment", "type": "dropdown", "options": [
            { "key": "left", "text": "Left" },
            { "key": "center", "text": "Center" },
            { "key": "right", "text": "Right" }
          ], "defaultValue": "left", "applicableTypes": "all"}
        ]
      }
    ]
  }
}
