{"displayName":"Form Designer","forms":[{"description":"Default form for Main page","id":"form-1","name":"Main Form","showNextFormAfterSummary":true,"showSummaryAsDialog":true,"summaryText":"Summary Page text","summaryTitle":"Summary Page Title","tabs":[{"id":"tab-1","isVisible":true,"name":"tab-1","sections":[{"id":"section-1","isVisible":true,"order":1,"subSections":[{"columns":[{"cells":[{"fields":[{"category":"Choice","description":"Salutation","id":"field-gqkc8cxl7gvk3nsao9cvoi","isMultiSelect":false,"key":"salutation","label":"Salutation","labelPosition":"left","options":[{"key":"mr","text":"Mr."},{"key":"mrs","text":"Mrs."},{"key":"miss","text":"Miss"},{"key":"master","text":"Master"}],"placeHolderText":"Select an option","required":false,"subCategory":"List","type":"singleselectdropdown"}],"id":"cell-6wyumyimwejtoie03yqw6"},{"fields":[{"businessRules":[{"action":"require","assignmentType":"value","assignmentValue":"","conditions":[{"field":"field-gqkc8cxl7gvk3nsao9cvoi","id":"n1sg37xmt","operator":"equals","type":"condition","value":"mr"}],"formula":"","id":"428l47dd8skoaforv75ns","name":"Required Rule","rootGroup":{"children":[{"field":"field-gqkc8cxl7gvk3nsao9cvoi","id":"n1sg37xmt","operator":"equals","type":"condition","value":"mr"}],"id":"root","logic":"AND","type":"group"},"type":"required"}],"category":"Text","description":"First Name","id":"field-ntsx4u3h1hko48namq7orh","isMultiSelect":false,"key":"firstname","label":"First Name","labelPosition":"left","placeHolderText":"Enter First Name","required":false,"subCategory":"","type":"textbox"}],"id":"cell-ficqkfshvmdx1rmya3e71"},{"fields":[{"businessRules":[{"action":"hide","assignmentType":"value","assignmentValue":"","conditions":[{"field":"field-gqkc8cxl7gvk3nsao9cvoi","id":"747m4o0zw","operator":"equals","type":"condition","value":"mr"}],"formula":"","id":"5qwawkn95nszf9elob1ivg","name":"Visibility Rule","rootGroup":{"children":[{"field":"field-gqkc8cxl7gvk3nsao9cvoi","id":"747m4o0zw","operator":"equals","type":"condition","value":"mr"}],"id":"root","logic":"AND","type":"group"},"type":"visibility"}],"category":"Text","description":"Last Name","id":"field-299z4dnm7y92md4puronkj","isMultiSelect":false,"key":"lastname","label":"Last Name","labelPosition":"left","placeHolderText":"Enter Last Name","required":false,"subCategory":"","type":"textbox"}],"id":"cell-ugr2272523yfqpr41nrpr"}],"id":"column-27sy2xke8vm61uyskrhobu","width":100}],"id":"subsection-7gbifa6yfragyvktefm0e6","layout":"single-column","title":"Single-column Layout"}],"title":"Section1"}],"title":"Tab1"},{"id":"tab-xx9tvimsp7m4222vojj5yx","isVisible":true,"name":"tab-xx9tvimsp7m4222vojj5yx","sections":[{"id":"section-k9vfz3lh0fmi9v7msfracg","isVisible":true,"order":1,"subSections":[{"columns":[{"cells":[{"fields":[{"businessRules":[{"action":"assign","assignmentType":"value","assignmentValue":"Samuel Shagin","conditions":[{"field":"field-gqkc8cxl7gvk3nsao9cvoi","id":"zbq86cb8l","operator":"equals","type":"condition","value":"mr"}],"formula":"","id":"p81z7cyrjmecqkbguhjth","name":"ValueAssignment Rule","rootGroup":{"children":[{"field":"field-gqkc8cxl7gvk3nsao9cvoi","id":"zbq86cb8l","operator":"equals","type":"condition","value":"mr"}],"id":"root","logic":"AND","type":"group"},"targetFieldKey":"field-j0a409uco32ylbreav9f6","type":"valueAssignment"}],"category":"Text","id":"field-j0a409uco32ylbreav9f6","isMultiSelect":false,"key":"field-uflxxwbcggc1w9f4on0uhx","label":"Textbox Field","labelPosition":"left","placeHolderText":"Enter textbox here","required":false,"subCategory":"","type":"textbox"}],"id":"cell-q8x9b4uspjipjimvxkzkdd"},{"fields":[{"businessRules":[{"action":"assign","assignmentType":"value","assignmentValue":"Test Area","conditions":[{"field":"field-gqkc8cxl7gvk3nsao9cvoi","id":"1n2vnjnpp","operator":"equals","type":"condition","value":"mr"}],"formula":"","id":"yzu2inmgh4i4sq33phd62x","name":"ValueAssignment Rule","rootGroup":{"children":[{"field":"field-gqkc8cxl7gvk3nsao9cvoi","id":"1n2vnjnpp","operator":"equals","type":"condition","value":"mr"}],"id":"root","logic":"AND","type":"group"},"targetFieldKey":"field-jo0w8s2dnygr6cxrblhsg","type":"valueAssignment"}],"category":"Text","id":"field-jo0w8s2dnygr6cxrblhsg","isMultiSelect":false,"key":"field-af7a6q0qkpms626rclqhj","label":"Textarea Field","labelPosition":"left","placeHolderText":"Enter textarea here","required":false,"subCategory":"LargeText","type":"textarea"}],"id":"cell-8mvl6nzmelemxguuvenjh"},{"fields":[{"businessRules":[{"action":"assign","assignmentType":"value","assignmentValue":"RTE data","conditions":[{"field":"field-gqkc8cxl7gvk3nsao9cvoi","id":"egt1diqq9","operator":"equals","type":"condition","value":"mr"}],"formula":"","id":"ulq0azzzdf8co37zg1qfw","name":"ValueAssignment Rule","rootGroup":{"children":[{"field":"field-gqkc8cxl7gvk3nsao9cvoi","id":"egt1diqq9","operator":"equals","type":"condition","value":"mr"}],"id":"root","logic":"AND","type":"group"},"targetFieldKey":"field-n78ty437pyo1eerp3eghii","type":"valueAssignment"}],"category":"Text","id":"field-n78ty437pyo1eerp3eghii","isMultiSelect":false,"key":"field-tsf8w2sfuen064xxx4h4fi9","label":"Richtexteditor Field","labelPosition":"left","placeHolderText":"Enter richtexteditor here","required":false,"subCategory":"LargeText","type":"richtexteditor"}],"id":"cell-4ehm88x8mes7aur21yp8hj"},{"fields":[{"businessRules":[{"action":"assign","assignmentType":"value","assignmentValue":"samuelshagin@gmail.com","conditions":[{"field":"field-gqkc8cxl7gvk3nsao9cvoi","id":"izn803n7m","operator":"equals","type":"condition","value":"mr"}],"formula":"","id":"44wxm7udfu3ahj5lxas4lw","name":"ValueAssignment Rule","rootGroup":{"children":[{"field":"field-gqkc8cxl7gvk3nsao9cvoi","id":"izn803n7m","operator":"equals","type":"condition","value":"mr"}],"id":"root","logic":"AND","type":"group"},"targetFieldKey":"field-lm6znedmhr2hkb9jziuo8","type":"valueAssignment"}],"category":"Text","id":"field-lm6znedmhr2hkb9jziuo8","isMultiSelect":false,"key":"field-716gfahf407zpwltg9ql3h","label":"Email Field","labelPosition":"left","placeHolderText":"Enter email here","required":false,"subCategory":"","type":"email"}],"id":"cell-rvydimjj93skozntlaajn"}],"id":"column-khrcjmymjdmym1dvv15q6q-1","width":50},{"cells":[{"fields":[{"businessRules":[{"action":"assign","assignmentType":"value","assignmentValue":"+91-9176683003","conditions":[{"field":"field-gqkc8cxl7gvk3nsao9cvoi","id":"0qrglbvz6","operator":"equals","type":"condition","value":"mr"}],"formula":"","id":"ezaf635inta07lzwqyeyxup","name":"ValueAssignment Rule","rootGroup":{"children":[{"field":"field-gqkc8cxl7gvk3nsao9cvoi","id":"0qrglbvz6","operator":"equals","type":"condition","value":"mr"}],"id":"root","logic":"AND","type":"group"},"targetFieldKey":"field-by35xwepksk7no9oyipzcj","type":"valueAssignment"}],"category":"Text","id":"field-by35xwepksk7no9oyipzcj","isMultiSelect":false,"key":"field-oohuas1ak1agloge8wkf","label":"Phonenumber Field","labelPosition":"left","placeHolderText":"Enter phonenumber here","required":false,"subCategory":"","type":"phonenumber"}],"id":"cell-onahu5ha5zb3ocqgpy7vin"},{"fields":[{"category":"Text","id":"field-f87x49g39tuksbtfk35dlp","isMultiSelect":false,"key":"field-ecwj3c1ncw4rsejctyat","label":"Password Field","labelPosition":"left","placeHolderText":"Enter password here","required":false,"subCategory":"","type":"password"}],"id":"cell-iluqdicz6wovi7xg51lwq"},{"fields":[{"businessRules":[{"action":"assign","assignmentType":"value","assignmentValue":"https://google.com","conditions":[{"field":"field-gqkc8cxl7gvk3nsao9cvoi","id":"axs9wf7h1","operator":"equals","type":"condition","value":"mr"}],"formula":"","id":"jsl9z7vx92axrlxm0jiyr","name":"ValueAssignment Rule","rootGroup":{"children":[{"field":"field-gqkc8cxl7gvk3nsao9cvoi","id":"axs9wf7h1","operator":"equals","type":"condition","value":"mr"}],"id":"root","logic":"AND","type":"group"},"targetFieldKey":"field-crl2fr6lqp8xkqlpoyvfl","type":"valueAssignment"}],"category":"Text","id":"field-crl2fr6lqp8xkqlpoyvfl","isMultiSelect":false,"key":"field-69jw7rquxfr7wksdcbf6cx","label":"Url Field","labelPosition":"left","placeHolderText":"Enter url here","required":false,"subCategory":"","type":"url"}],"id":"cell-foxio6xvdukl5d89hyp2g9"}],"id":"column-khrcjmymjdmym1dvv15q6q-2","width":50}],"id":"subsection-irfbgrvgjn2lrxy9gboah","layout":"two-column-50-50","title":"Two-column-50-50 Layout"},{"columns":[{"cells":[{"fields":[{"category":"Text","id":"field-5jf0vhtubchcau91jqaze5","isMultiSelect":false,"key":"field-delb970jre6xsj2morxsto","label":"Phonenumber Field","labelPosition":"left","placeHolderText":"Enter phonenumber here","required":false,"subCategory":"","type":"phonenumber"}],"id":"cell-opyradvx5ks2mjjnmolpyv"},{"fields":[{"category":"Number","id":"field-2tkc6xsl34ivih6vm8w46","isMultiSelect":false,"key":"field-ee96v256flg5mk80y80cmb","label":"Decimal Field","labelPosition":"left","placeHolderText":"Enter decimal here","required":false,"subCategory":"","type":"decimal"}],"id":"cell-3c35ell2l0qbrg4g7j8lwb"},{"fields":[{"category":"Date","id":"field-7dn7sdwaknjh1tcnlexisf","isMultiSelect":false,"key":"field-f3bp0tz7qqu51yqmeas749","label":"Datetime Field","labelPosition":"left","placeHolderText":"Enter datetime here","required":false,"subCategory":"DateTime","type":"datetime"}],"id":"cell-c6v44gkf538tkyntert2ur"},{"fields":[{"category":"Date","id":"field-0jxe8fn2s9mlak8uc4c7ht8","isMultiSelect":false,"key":"field-7aw9kukgcn98dxvt40bffa","label":"Datetime Field","labelPosition":"left","placeHolderText":"Enter datetime here","required":false,"subCategory":"DateTime","type":"datetime"}],"id":"cell-02b2z9y21h6pn0a8ugk0zw"}],"id":"column-ukat59qm6yekxvohsu1j","width":100}],"id":"subsection-3bqgr38d3agu9ulsn4s3cp","layout":"single-column","title":"Single-column Layout"}],"title":"Section"}],"title":"asd"}],"title":"Main Form","type":"wizard"},{"description":"Form - Form1","id":"form-ab2b9illavty8kkj4k5wej","name":"Form1","showNextFormAfterSummary":true,"tabs":[{"id":"tab-yolwl3tk1cq378b91kb1dd","isVisible":true,"name":"tab-yolwl3tk1cq378b91kb1dd","sections":[{"id":"section-klt8f134minfdokbcng5r","isVisible":true,"order":1,"subSections":[{"columns":[{"cells":[{"fields":[{"businessRules":[{"action":"assign","assignmentType":"value","assignmentValue":"2025-05-23T06:00","conditions":[{"field":"field-gqkc8cxl7gvk3nsao9cvoi","id":"u76gt39x2","operator":"equals","type":"condition","value":"mr"}],"formula":"","id":"l7q63ghdlnflaj0ikf5nw","name":"ValueAssignment Rule","rootGroup":{"children":[{"field":"field-gqkc8cxl7gvk3nsao9cvoi","id":"u76gt39x2","operator":"equals","type":"condition","value":"mr"}],"id":"root","logic":"AND","type":"group"},"targetFieldKey":"field-3nbv3qih3zpsww9vlaqui","type":"valueAssignment"}],"category":"Date","id":"field-3nbv3qih3zpsww9vlaqui","isMultiSelect":false,"key":"field-ytkhlszgdsn4jud8e8myn9","label":"Datetime Field","labelPosition":"left","placeHolderText":"Enter datetime here","required":false,"subCategory":"DateTime","type":"datetime"}],"id":"cell-jbs5u3y54tqrjsnzw7a9"},{"fields":[{"businessRules":[{"action":"assign","assignmentType":"value","assignmentValue":"2025-05-30","conditions":[{"field":"field-gqkc8cxl7gvk3nsao9cvoi","id":"wdcb4b146","operator":"equals","type":"condition","value":"mr"}],"formula":"","id":"4rg9xd8iptht9vbwhz04fe","name":"ValueAssignment Rule","rootGroup":{"children":[{"field":"field-gqkc8cxl7gvk3nsao9cvoi","id":"wdcb4b146","operator":"equals","type":"condition","value":"mr"}],"id":"root","logic":"AND","type":"group"},"targetFieldKey":"field-6fh9dpn1abjdnt730m6n8g","type":"valueAssignment"}],"category":"Date","id":"field-6fh9dpn1abjdnt730m6n8g","isMultiSelect":false,"key":"field-vzakez11fsdw2mjnxu3ah","label":"Date Field","labelPosition":"left","placeHolderText":"Enter date here","required":false,"subCategory":"DateOnly","type":"date"},{"businessRules":[{"action":"assign","assignmentType":"value","assignmentValue":"20:30","conditions":[{"field":"field-gqkc8cxl7gvk3nsao9cvoi","id":"hwg1mse99","operator":"equals","type":"condition","value":"mr"}],"formula":"","id":"04r40m94ofilvvbm9zudm2h","name":"ValueAssignment Rule","rootGroup":{"children":[{"field":"field-gqkc8cxl7gvk3nsao9cvoi","id":"hwg1mse99","operator":"equals","type":"condition","value":"mr"}],"id":"root","logic":"AND","type":"group"},"targetFieldKey":"field-z8ney9qv9id4v4bg75bueo","type":"valueAssignment"}],"category":"Date","id":"field-z8ney9qv9id4v4bg75bueo","isMultiSelect":false,"key":"field-xgn5i47o8tikthd7ln1fhn","label":"Time Field","labelPosition":"left","placeHolderText":"Enter time here","required":false,"subCategory":"TimeOnly","type":"time"}],"id":"cell-utlx0mklw1nilv37g2j8bl"}],"id":"column-m6zvbnjeiibxn1nhu77vad-1","width":50},{"cells":[{"fields":[{"category":"Html","id":"field-2jcrahmy4kj6q679dher5h","isMultiSelect":false,"key":"field-u0rkrnhvymdxh7niciem4h","label":"Htmlcontent Field","labelPosition":"left","placeHolderText":"Enter htmlcontent here","required":false,"subCategory":"","type":"htmlcontent"}],"id":"cell-l0aaf4vyjom6ukyw8zalpc"},{"fields":[{"category":"Html","id":"field-jyoxd4bxmylyp2gghfbel","isMultiSelect":false,"key":"field-o1yuz1ahchemql6v59k96","label":"Iframe Field","labelPosition":"left","placeHolderText":"Enter iframe here","required":false,"subCategory":"","type":"iframe"}],"id":"cell-de5ribx8v4dju8rkpr47kl"}],"id":"column-m6zvbnjeiibxn1nhu77vad-2","width":50}],"id":"subsection-llgm7z95ydnkgehlnlnbdm","layout":"two-column-50-50","title":"Two-column-50-50 Layout"}],"title":"Section"}],"title":"Tab"},{"id":"tab-z7p4180nfch8ug4tfc5f0m","isVisible":true,"name":"tab-z7p4180nfch8ug4tfc5f0m","sections":[{"id":"section-q6hcjur1ithka03hcqxbka","isVisible":true,"order":1,"subSections":[{"columns":[{"cells":[{"fields":[{"businessRules":[{"action":"assign","assignmentType":"value","assignmentValue":{"data":{},"key":"option1","text":"Option 1"},"conditions":[{"field":"field-gqkc8cxl7gvk3nsao9cvoi","id":"usjepz28h","operator":"equals","type":"condition","value":"mr"}],"formula":"","id":"o9806o8eu19agjlurwhvaw","name":"ValueAssignment Rule","rootGroup":{"children":[{"field":"field-gqkc8cxl7gvk3nsao9cvoi","id":"usjepz28h","operator":"equals","type":"condition","value":"mr"}],"id":"root","logic":"AND","type":"group"},"targetFieldKey":"field-tixm4fzkbzf5lne1x7gih9","type":"valueAssignment"}],"category":"Choice","id":"field-tixm4fzkbzf5lne1x7gih9","isMultiSelect":false,"key":"field-ea24bvhdglnboqxmsf4cv5","label":"Singleselectdropdown Field","labelPosition":"left","options":[{"disabled":false,"htmlText":"<strong>Option 1</strong>","isHtml":true,"itemType":"normal","key":"option1","text":"Option 1"},{"disabled":false,"htmlText":"<i>Option 2</i>","isHtml":true,"itemType":"normal","key":"option2","text":"Option 2"},{"key":"option3","text":"Option 3"}],"placeHolderText":"Select an option","required":false,"subCategory":"List","type":"singleselectdropdown"}],"id":"cell-yb9ndme4d74zmfnw8u9mw"},{"fields":[{"businessRules":[{"action":"assign","assignmentType":"value","assignmentValue":[{"key":"option2","text":"Option 2"},{"key":"option3","text":"Option 3"}],"conditions":[{"field":"field-gqkc8cxl7gvk3nsao9cvoi","id":"jaenpf18i","operator":"equals","type":"condition","value":"mr"}],"formula":"","id":"g66eajv7synsj0spd8u12k","name":"ValueAssignment Rule","rootGroup":{"children":[{"field":"field-gqkc8cxl7gvk3nsao9cvoi","id":"jaenpf18i","operator":"equals","type":"condition","value":"mr"}],"id":"root","logic":"AND","type":"group"},"targetFieldKey":"field-iztzn2s7jckzrv0ko3hifh","type":"valueAssignment"},{"action":"require","assignmentType":"value","assignmentValue":"","conditions":[{"field":"field-gqkc8cxl7gvk3nsao9cvoi","id":"nw0uubvye","operator":"equals","type":"condition","value":"mr"}],"formula":"","id":"0jv9lmp8nwsknvvbe2qze8","name":"Required Rule","rootGroup":{"children":[{"field":"field-gqkc8cxl7gvk3nsao9cvoi","id":"nw0uubvye","operator":"equals","type":"condition","value":"mr"}],"id":"root","logic":"AND","type":"group"},"type":"required"}],"category":"Choice","id":"field-iztzn2s7jckzrv0ko3hifh","isMultiSelect":true,"key":"field-cymcav3jfhghx2vay3xgkn","label":"Multiselectdropdown Field","labelPosition":"left","options":[{"disabled":false,"htmlText":"<strong>Option 1</strong>","isHtml":true,"itemType":"normal","key":"option1","text":"Option 1"},{"key":"option2","text":"Option 2"},{"key":"option3","text":"Option 3"}],"placeHolderText":"Select an option","required":false,"subCategory":"List","type":"multiselectdropdown"}],"id":"cell-jb6dajcxvw8rgdjkudkesf"},{"fields":[{"businessRules":[{"action":"assign","assignmentType":"value","assignmentValue":[{"key":"option2","text":"Option 2"},{"key":"option1","text":"Option 1"}],"conditions":[{"field":"field-gqkc8cxl7gvk3nsao9cvoi","id":"m35whgr5u","operator":"equals","type":"condition","value":"mr"}],"formula":"","id":"6u0eizipzqofhcmv41tt3b","name":"ValueAssignment Rule","rootGroup":{"children":[{"field":"field-gqkc8cxl7gvk3nsao9cvoi","id":"m35whgr5u","operator":"equals","type":"condition","value":"mr"}],"id":"root","logic":"AND","type":"group"},"targetFieldKey":"field-ty6fpe20zycv377jsgu9l","type":"valueAssignment"}],"category":"Choice","id":"field-ty6fpe20zycv377jsgu9l","isMultiSelect":true,"key":"field-21tilsqi3gljm13dw8d18","label":"Multiselectlistbox Field","labelPosition":"left","options":[{"disabled":false,"htmlText":"<strong>Option 1</strong>","isHtml":true,"itemType":"normal","key":"option1","text":"Option 1"},{"key":"option2","text":"Option 2"},{"key":"option3","text":"Option 3"}],"placeHolderText":"Select an option","required":false,"subCategory":"List","type":"multiselectlistbox"}],"id":"cell-9oy3txhti1l9ww1sqjgtrb"},{"fields":[{"businessRules":[{"action":"assign","assignmentType":"value","assignmentValue":"true","conditions":[{"field":"field-gqkc8cxl7gvk3nsao9cvoi","id":"za7qrs41t","operator":"equals","type":"condition","value":"mr"}],"formula":"","id":"fqkdjw12or9klr5atdttw","name":"ValueAssignment Rule","rootGroup":{"children":[{"field":"field-gqkc8cxl7gvk3nsao9cvoi","id":"za7qrs41t","operator":"equals","type":"condition","value":"mr"}],"id":"root","logic":"AND","type":"group"},"targetFieldKey":"field-th45kstm0scktjrzub2w1d","type":"valueAssignment"}],"category":"Choice","id":"field-th45kstm0scktjrzub2w1d","isMultiSelect":false,"key":"field-g6c4dkqaafb4be32fz3ga","label":"Toggle Field","labelPosition":"left","placeHolderText":"Select an option","required":false,"subCategory":"Boolean","type":"toggle"}],"id":"cell-cnz2sgcnslt6n3aj5t7zuc"}],"id":"column-23qbwix5pp838pmb2fbyd3-1","width":50},{"cells":[{"fields":[{"businessRules":[{"action":"assign","assignmentType":"value","assignmentValue":{"key":"option2","text":"Option 2"},"conditions":[{"field":"field-gqkc8cxl7gvk3nsao9cvoi","id":"xyjc4nlxn","operator":"equals","type":"condition","value":"mr"}],"formula":"","id":"h2ruztrouc8npprc0slp2s","name":"ValueAssignment Rule","rootGroup":{"children":[{"field":"field-gqkc8cxl7gvk3nsao9cvoi","id":"xyjc4nlxn","operator":"equals","type":"condition","value":"mr"}],"id":"root","logic":"AND","type":"group"},"targetFieldKey":"field-rretkvytu8arxmtpq31g3","type":"valueAssignment"}],"category":"Choice","id":"field-rretkvytu8arxmtpq31g3","isMultiSelect":false,"key":"field-8ma1lbulp7jxzxt6x0nb","label":"Choicegroup Field","labelPosition":"left","options":[{"disabled":false,"htmlText":"<strong>Option 1</strong>","isHtml":true,"itemType":"normal","key":"option1","text":"Option 1"},{"key":"option2","text":"Option 2"},{"key":"option3","text":"Option 3"}],"placeHolderText":"Select an option","required":false,"subCategory":"List","type":"choicegroup"}],"id":"cell-bkcqdfi86uw5ezq7y8i8h5"},{"fields":[{"businessRules":[{"action":"assign","assignmentType":"value","assignmentValue":[{"key":"option2","text":"Option 2"},{"key":"option1","text":"Option 1"}],"conditions":[{"field":"field-gqkc8cxl7gvk3nsao9cvoi","id":"03029llf7","operator":"equals","type":"condition","value":"mr"}],"formula":"","id":"42kkakehq84j3bf5jtdkt9","name":"ValueAssignment Rule","rootGroup":{"children":[{"field":"field-gqkc8cxl7gvk3nsao9cvoi","id":"03029llf7","operator":"equals","type":"condition","value":"mr"}],"id":"root","logic":"AND","type":"group"},"targetFieldKey":"field-lh1hylv3eiwbp0oeetb2a","type":"valueAssignment"}],"category":"Choice","id":"field-lh1hylv3eiwbp0oeetb2a","isMultiSelect":true,"key":"field-gnuru06158fww8bx4mop2e","label":"Checkboxgroup Field","labelPosition":"left","options":[{"disabled":false,"htmlText":"<strong>Option 1</strong>","isHtml":true,"itemType":"normal","key":"option1","text":"Option 1"},{"key":"option2","text":"Option 2"},{"key":"option3","text":"Option 3"}],"placeHolderText":"Select an option","required":false,"subCategory":"List","type":"checkboxgroup"}],"id":"cell-n6v9sptpwcxvixriep1c8"},{"fields":[{"businessRules":[{"action":"assign","assignmentType":"value","assignmentValue":{"data":{},"key":"option2","text":"Option 2"},"conditions":[{"field":"field-gqkc8cxl7gvk3nsao9cvoi","id":"55ctckqb8","operator":"equals","type":"condition","value":"mr"}],"formula":"","id":"w3ntbrei8jl8r1ek27sun4","name":"ValueAssignment Rule","rootGroup":{"children":[{"field":"field-gqkc8cxl7gvk3nsao9cvoi","id":"55ctckqb8","operator":"equals","type":"condition","value":"mr"}],"id":"root","logic":"AND","type":"group"},"targetFieldKey":"field-a7ymx2mih358sya4w2jweh","type":"valueAssignment"}],"category":"Choice","id":"field-a7ymx2mih358sya4w2jweh","isMultiSelect":false,"key":"field-kcz7zujkak9fei3oohnwf","label":"Listbox Field","labelPosition":"left","options":[{"disabled":false,"htmlText":"<strong>Option 1</strong>","isHtml":true,"itemType":"normal","key":"option1","text":"Option 1"},{"key":"option2","text":"Option 2"},{"key":"option3","text":"Option 3"}],"placeHolderText":"Select an option","required":false,"subCategory":"List","type":"listbox"}],"id":"cell-j642g674fmmsfxwk8bz3"}],"id":"column-23qbwix5pp838pmb2fbyd3-2","width":50}],"id":"subsection-17qf52a97tbbaiuhm94vc","layout":"two-column-50-50","title":"Two-column-50-50 Layout"}],"title":"Section"}],"title":"Tab2"}],"title":"Form1","type":"wizard"},{"description":"Form - Form2","id":"form-uqixpbhvauilp9exr3b87","name":"Form2","tabs":[{"id":"tab-696hubh4oukyrz14ai1zed","isVisible":true,"name":"tab-696hubh4oukyrz14ai1zed","sections":[{"id":"section-bfp0akwu71tg5ecev3dtek","isVisible":true,"order":1,"subSections":[{"columns":[{"cells":[{"fields":[{"businessRules":[{"action":"assign","assignmentType":"value","assignmentValue":12,"conditions":[{"field":"field-gqkc8cxl7gvk3nsao9cvoi","id":"qqwumz267","operator":"equals","type":"condition","value":"mr"}],"formula":"","id":"kbpyu032kuos74ar5c14","name":"ValueAssignment Rule","rootGroup":{"children":[{"field":"field-gqkc8cxl7gvk3nsao9cvoi","id":"qqwumz267","operator":"equals","type":"condition","value":"mr"}],"id":"root","logic":"AND","type":"group"},"targetFieldKey":"field-qe3xsun56yj3ia5jq6veh","type":"valueAssignment"}],"category":"Number","id":"field-qe3xsun56yj3ia5jq6veh","isMultiSelect":false,"key":"field-yifs9j07amemx370nw87r","label":"Wholenumber Field","labelPosition":"left","placeHolderText":"Enter wholenumber here","required":false,"subCategory":"","type":"wholenumber"}],"id":"cell-hioeposonqk3ifvs01yu7o"},{"fields":[{"businessRules":[{"action":"assign","assignmentType":"value","assignmentValue":12.32,"conditions":[{"field":"field-gqkc8cxl7gvk3nsao9cvoi","id":"m75w1eh0o","operator":"equals","type":"condition","value":"mr"}],"formula":"","id":"a98h03viq95vb9gfntia","name":"ValueAssignment Rule","rootGroup":{"children":[{"field":"field-gqkc8cxl7gvk3nsao9cvoi","id":"m75w1eh0o","operator":"equals","type":"condition","value":"mr"}],"id":"root","logic":"AND","type":"group"},"targetFieldKey":"field-d9r26siy5prp6of3xu8zjn","type":"valueAssignment"}],"category":"Number","id":"field-d9r26siy5prp6of3xu8zjn","isMultiSelect":false,"key":"field-03ppexo50corbf8ywtgpdsi","label":"Decimal Field","labelPosition":"left","placeHolderText":"Enter decimal here","required":false,"subCategory":"","type":"decimal"}],"id":"cell-g0688eurbhg9rogqm6ryk6"},{"fields":[{"businessRules":[{"action":"assign","assignmentType":"value","assignmentValue":62.65,"conditions":[{"field":"field-gqkc8cxl7gvk3nsao9cvoi","id":"higukokwc","operator":"equals","type":"condition","value":"mr"}],"formula":"","id":"0pce0639yeziiigteyd59aa","name":"ValueAssignment Rule","rootGroup":{"children":[{"field":"field-gqkc8cxl7gvk3nsao9cvoi","id":"higukokwc","operator":"equals","type":"condition","value":"mr"}],"id":"root","logic":"AND","type":"group"},"targetFieldKey":"field-gl9qhxly3inu6pye826og","type":"valueAssignment"}],"category":"Number","id":"field-gl9qhxly3inu6pye826og","isMultiSelect":false,"key":"field-7v7ay6v1s2f43s0basgvec","label":"Float Field","labelPosition":"left","placeHolderText":"Enter float here","required":false,"subCategory":"","type":"float"}],"id":"cell-agxng9j1ssim7ak3vzyd"}],"id":"column-eaewzlhtsznd0ljmfbug2h","width":100}],"id":"subsection-hls3v9rjvd985l2k72tgso","layout":"single-column","title":"Single-column Layout"}],"title":"Section"}],"title":"Tab"}],"title":"Form2","type":"wizard"}],"id":"page-1","isLoggingEnabled":true,"name":"Form Designer","pageHeight":950,"pageSummaryButtonText":"Show All Forms Summary","pageSummaryFinishButtonText":"Submit All Forms","pageSummaryPreviousButtonText":"Back to Forms","pageSummaryText":"Please review all form data before final submission.","pageSummaryTitle":"Final Summary","showSummary":true,"validationMode":"field"}