<manifest><control namespace="ExtendedAnnotation" constructor="ExtendedAnnotationControl" version="1.0.1" display-name-key="ExtendedAnnotationControl" description-key="ExtendedAnnotationControl description" control-type="standard" api-version="1.3.18"><external-service-usage enabled="false" /><property name="extendednotes" display-name-key="Extended Notes" description-key="Extended Notes" of-type="Multiple" usage="bound" required="true" /><property name="maxAttachments" display-name-key="Max Attachments" description-key="Max Attachments allowed for the extended notes Component" of-type="Whole.None" usage="input" required="false" /><resources><code path="bundle.js" order="1" /></resources><feature-usage><uses-feature name="Device.pickFile" required="true" /><uses-feature name="WebAPI" required="true" /></feature-usage><built-by name="pac" version="1.44.2" /></control></manifest>