{
  "name": "@fluentui/dom-utilities",
  "entries": [
    {
      "date": "Fri, 21 Feb 2025 07:20:19 GMT",
      "tag": "@fluentui/dom-utilities_v2.3.10",
      "version": "2.3.10",
      "comments": {
        "patch": [
          {
            "author": "beachball",
            "package": "@fluentui/dom-utilities",
            "comment": "Bump @fluentui/set-version to v8.2.24",
            "commit": "37cb222b6d035ea02d490aa26a2aaf7dfd94c761"
          }
        ]
      }
    },
    {
      "date": "Fri, 11 Oct 2024 16:51:53 GMT",
      "tag": "@fluentui/dom-utilities_v2.3.9",
      "version": "2.3.9",
      "comments": {
        "patch": [
          {
            "author": "miclo@microsoft.com",
            "package": "@fluentui/dom-utilities",
            "commit": "3fec026661e874b8e458bb4f2deab1b3a9e73cd1",
            "comment": "Fix regression caused by #32996"
          }
        ]
      }
    },
    {
      "date": "Tue, 08 Oct 2024 07:23:46 GMT",
      "tag": "@fluentui/dom-utilities_v2.3.8",
      "version": "2.3.8",
      "comments": {
        "patch": [
          {
            "author": "miclo@microsoft.com",
            "package": "@fluentui/dom-utilities",
            "commit": "65d3fdc217bcd5dff76dd3fd9ebb9d9f032f097a",
            "comment": "Fix TypeError in portalContainsElement when element is Document or similar"
          }
        ]
      }
    },
    {
      "date": "Thu, 01 Aug 2024 07:24:43 GMT",
      "tag": "@fluentui/dom-utilities_v2.3.7",
      "version": "2.3.7",
      "comments": {
        "none": [
          {
            "author": "vgenaev@gmail.com",
            "package": "@fluentui/dom-utilities",
            "commit": "ff2c81325d734ddff92e606ac681c22c710f262f",
            "comment": "remove redundant forceConsistentCasingInFileNames option"
          },
          {
            "author": "martinhochel@microsoft.com",
            "package": "@fluentui/dom-utilities",
            "commit": "674cdee6cfb1cb34e6ba1b24f665d0b8751a5dea",
            "comment": "chore: remove npmScope from project name"
          },
          {
            "author": "martinhochel@microsoft.com",
            "package": "@fluentui/dom-utilities",
            "commit": "3da4204265901049d9ef777df15cb25b881a6284",
            "comment": "chore: add project.json tags"
          }
        ]
      }
    },
    {
      "date": "Mon, 24 Jun 2024 07:33:22 GMT",
      "tag": "@fluentui/dom-utilities_v2.3.7",
      "version": "2.3.7",
      "comments": {
        "patch": [
          {
            "author": "beachball",
            "package": "@fluentui/dom-utilities",
            "comment": "Bump @fluentui/set-version to v8.2.23",
            "commit": "444d2ef497b5be5b4252f4af86ded3d2db7a0850"
          }
        ]
      }
    },
    {
      "date": "Thu, 06 Jun 2024 07:26:46 GMT",
      "tag": "@fluentui/dom-utilities_v2.3.6",
      "version": "2.3.6",
      "comments": {
        "patch": [
          {
            "author": "beachball",
            "package": "@fluentui/dom-utilities",
            "comment": "Bump @fluentui/set-version to v8.2.22",
            "commit": "e5e806f46bd00bc7baffbfe7514a617600ba2d47"
          }
        ]
      }
    },
    {
      "date": "Tue, 28 May 2024 07:28:20 GMT",
      "tag": "@fluentui/dom-utilities_v2.3.5",
      "version": "2.3.5",
      "comments": {
        "patch": [
          {
            "author": "beachball",
            "package": "@fluentui/dom-utilities",
            "comment": "Bump @fluentui/set-version to v8.2.21",
            "commit": "a96863b605b797397efab6fbecc6534ed8bd5e99"
          }
        ]
      }
    },
    {
      "date": "Fri, 24 May 2024 07:28:17 GMT",
      "tag": "@fluentui/dom-utilities_v2.3.4",
      "version": "2.3.4",
      "comments": {
        "patch": [
          {
            "author": "beachball",
            "package": "@fluentui/dom-utilities",
            "comment": "Bump @fluentui/set-version to v8.2.20",
            "commit": "e5b614623b9aa1ae3f1f86f3e753b934943a4601"
          }
        ]
      }
    },
    {
      "date": "Thu, 23 May 2024 07:28:51 GMT",
      "tag": "@fluentui/dom-utilities_v2.3.3",
      "version": "2.3.3",
      "comments": {
        "patch": [
          {
            "author": "beachball",
            "package": "@fluentui/dom-utilities",
            "comment": "Bump @fluentui/set-version to v8.2.19",
            "commit": "10e6758b203de79c53ce31ba264e137f83f50ff4"
          }
        ]
      }
    },
    {
      "date": "Mon, 20 May 2024 07:29:20 GMT",
      "tag": "@fluentui/dom-utilities_v2.3.2",
      "version": "2.3.2",
      "comments": {
        "patch": [
          {
            "author": "beachball",
            "package": "@fluentui/dom-utilities",
            "comment": "Bump @fluentui/set-version to v8.2.18",
            "commit": "eadc00f974b3199e6c34d2e9d16015add154ec3b"
          }
        ]
      }
    },
    {
      "date": "Wed, 24 Apr 2024 07:27:48 GMT",
      "tag": "@fluentui/dom-utilities_v2.3.1",
      "version": "2.3.1",
      "comments": {
        "patch": [
          {
            "author": "beachball",
            "package": "@fluentui/dom-utilities",
            "comment": "Bump @fluentui/set-version to v8.2.17",
            "commit": "45f80cfd2d3eb5f29202040d98099c3e74563959"
          }
        ]
      }
    },
    {
      "date": "Mon, 22 Apr 2024 07:28:25 GMT",
      "tag": "@fluentui/dom-utilities_v2.3.0",
      "version": "2.3.0",
      "comments": {
        "minor": [
          {
            "author": "seanmonahan@microsoft.com",
            "package": "@fluentui/dom-utilities",
            "commit": "7181c431a13178dafbf09ad3cbc4ab7c9740bbcf",
            "comment": "feat: add shadow DOM support for DOM APIs"
          }
        ]
      }
    },
    {
      "date": "Fri, 12 Apr 2024 07:29:11 GMT",
      "tag": "@fluentui/dom-utilities_v2.2.16",
      "version": "2.2.16",
      "comments": {
        "patch": [
          {
            "author": "beachball",
            "package": "@fluentui/dom-utilities",
            "comment": "Bump @fluentui/set-version to v8.2.16",
            "commit": "89ca3a5f03955ddeef940ef537263e9882ecdb67"
          }
        ]
      }
    },
    {
      "date": "Wed, 03 Apr 2024 07:29:31 GMT",
      "tag": "@fluentui/dom-utilities_v2.2.15",
      "version": "2.2.15",
      "comments": {
        "patch": [
          {
            "author": "beachball",
            "package": "@fluentui/dom-utilities",
            "comment": "Bump @fluentui/set-version to v8.2.15",
            "commit": "d7a9f5b4b802c28692dd9a91b6c150a218f03e09"
          }
        ]
      }
    },
    {
      "date": "Wed, 10 Jan 2024 07:28:48 GMT",
      "tag": "@fluentui/dom-utilities_v2.2.14",
      "version": "2.2.14",
      "comments": {
        "patch": [
          {
            "author": "seanmonahan@microsoft.com",
            "package": "@fluentui/dom-utilities",
            "commit": "5858fe05255460fa9b13370e613c5243ae3b92d0",
            "comment": "chore: disallow document and window access"
          },
          {
            "author": "beachball",
            "package": "@fluentui/dom-utilities",
            "comment": "Bump @fluentui/set-version to v8.2.14",
            "commit": "5858fe05255460fa9b13370e613c5243ae3b92d0"
          }
        ]
      }
    },
    {
      "date": "Thu, 14 Dec 2023 07:30:10 GMT",
      "tag": "@fluentui/dom-utilities_v2.2.13",
      "version": "2.2.13",
      "comments": {
        "patch": [
          {
            "author": "beachball",
            "package": "@fluentui/dom-utilities",
            "comment": "Bump @fluentui/set-version to v8.2.13",
            "commit": "26acec917d2d47c80b9d06215c2f8454aa9520b3"
          }
        ]
      }
    },
    {
      "date": "Sat, 28 Oct 2023 00:29:16 GMT",
      "tag": "@fluentui/dom-utilities_v2.2.12",
      "version": "2.2.12",
      "comments": {
        "patch": [
          {
            "author": "beachball",
            "package": "@fluentui/dom-utilities",
            "comment": "Bump @fluentui/set-version to v8.2.12",
            "commit": "70d0762fd12eb211f7c1dbe31a23b2fbb73a67c4"
          }
        ]
      }
    },
    {
      "date": "Tue, 26 Sep 2023 07:44:56 GMT",
      "tag": "@fluentui/dom-utilities_v2.2.11",
      "version": "2.2.11",
      "comments": {
        "none": [
          {
            "author": "martinhochel@microsoft.com",
            "package": "@fluentui/dom-utilities",
            "commit": "ccc380cada5d9a6057bd8fca127700b700815fdc",
            "comment": "chore: add ES2015.Iterable to tsconfig lib as jest types need it"
          }
        ]
      }
    },
    {
      "date": "Wed, 28 Jun 2023 07:37:32 GMT",
      "tag": "@fluentui/dom-utilities_v2.2.11",
      "version": "2.2.11",
      "comments": {
        "none": [
          {
            "author": "martinhochel@microsoft.com",
            "package": "@fluentui/dom-utilities",
            "commit": "fbe878e9c9785588197481f172c42c2c0a230292",
            "comment": "fix: update .npmignore to unify v8 packages and exclude project.json"
          }
        ]
      }
    },
    {
      "date": "Wed, 31 May 2023 07:38:40 GMT",
      "tag": "@fluentui/dom-utilities_v2.2.11",
      "version": "2.2.11",
      "comments": {
        "patch": [
          {
            "author": "beachball",
            "package": "@fluentui/dom-utilities",
            "comment": "Bump @fluentui/set-version to v8.2.11",
            "commit": "dd8c30d9b97f68eb332366fc0e69775a88775319"
          }
        ]
      }
    },
    {
      "date": "Tue, 30 May 2023 07:36:09 GMT",
      "tag": "@fluentui/dom-utilities_v2.2.10",
      "version": "2.2.10",
      "comments": {
        "patch": [
          {
            "author": "beachball",
            "package": "@fluentui/dom-utilities",
            "comment": "Bump @fluentui/set-version to v8.2.10",
            "commit": "588b9393a673137dd8a867686d1e1cd45c350ca4"
          }
        ]
      }
    },
    {
      "date": "Fri, 05 May 2023 18:14:03 GMT",
      "tag": "@fluentui/dom-utilities_v2.2.9",
      "version": "2.2.9",
      "comments": {
        "patch": [
          {
            "author": "tristan.watanabe@gmail.com",
            "package": "@fluentui/dom-utilities",
            "commit": "0475089ff40110402c8f1e31f8c52c17f8b2e0e2",
            "comment": "fix: explicitly ship dist/ folder."
          },
          {
            "author": "beachball",
            "package": "@fluentui/dom-utilities",
            "comment": "Bump @fluentui/set-version to v8.2.9",
            "commit": "0475089ff40110402c8f1e31f8c52c17f8b2e0e2"
          }
        ]
      }
    },
    {
      "date": "Tue, 02 May 2023 00:58:14 GMT",
      "tag": "@fluentui/dom-utilities_v2.2.8",
      "version": "2.2.8",
      "comments": {
        "patch": [
          {
            "author": "tristan.watanabe@gmail.com",
            "package": "@fluentui/dom-utilities",
            "commit": "c2326dc86037b18a6673697885703b5953ffd0c2",
            "comment": "fix: esm, cjs, and amd folders should all be published correctly."
          },
          {
            "author": "beachball",
            "package": "@fluentui/dom-utilities",
            "comment": "Bump @fluentui/set-version to v8.2.8",
            "commit": "c2326dc86037b18a6673697885703b5953ffd0c2"
          }
        ]
      }
    },
    {
      "date": "Mon, 01 May 2023 07:39:54 GMT",
      "tag": "@fluentui/dom-utilities_v2.2.7",
      "version": "2.2.7",
      "comments": {
        "patch": [
          {
            "author": "beachball",
            "package": "@fluentui/dom-utilities",
            "comment": "Bump @fluentui/set-version to v8.2.7",
            "commit": "46f19b90d2088f055f9cd4bfad840f72fe68f0d8"
          }
        ]
      }
    },
    {
      "date": "Fri, 17 Mar 2023 08:15:56 GMT",
      "tag": "@fluentui/dom-utilities_v2.2.6",
      "version": "2.2.6",
      "comments": {
        "patch": [
          {
            "author": "beachball",
            "package": "@fluentui/dom-utilities",
            "comment": "Bump @fluentui/set-version to v8.2.6",
            "commit": "36f3bd6c4f0280b91ad10133b5ddd9c439a1de73"
          }
        ]
      }
    },
    {
      "date": "Fri, 03 Feb 2023 07:50:06 GMT",
      "tag": "@fluentui/dom-utilities_v2.2.5",
      "version": "2.2.5",
      "comments": {
        "patch": [
          {
            "author": "beachball",
            "package": "@fluentui/dom-utilities",
            "comment": "Bump @fluentui/set-version to v8.2.5",
            "commit": "09da68fa3dd4695fb969b76814d76f88e671111f"
          }
        ]
      }
    },
    {
      "date": "Wed, 11 Jan 2023 07:50:51 GMT",
      "tag": "@fluentui/dom-utilities_v2.2.4",
      "version": "2.2.4",
      "comments": {
        "none": [
          {
            "author": "martinhochel@microsoft.com",
            "package": "@fluentui/dom-utilities",
            "commit": "64bb45980d68de1219c6b36a7db5363f0a9cff9f",
            "comment": "chore: migrate to packaged scripts"
          }
        ]
      }
    },
    {
      "date": "Tue, 10 Jan 2023 07:50:15 GMT",
      "tag": "@fluentui/dom-utilities_v2.2.4",
      "version": "2.2.4",
      "comments": {
        "patch": [
          {
            "author": "beachball",
            "package": "@fluentui/dom-utilities",
            "comment": "Bump @fluentui/set-version to v8.2.4",
            "commit": "49ead1dcd8c34cf87b151e0c0cc7bd716260f22f"
          }
        ]
      }
    },
    {
      "date": "Mon, 02 Jan 2023 07:46:41 GMT",
      "tag": "@fluentui/dom-utilities_v2.2.3",
      "version": "2.2.3",
      "comments": {
        "none": [
          {
            "author": "martinhochel@microsoft.com",
            "package": "@fluentui/dom-utilities",
            "commit": "4ec2b998b294d6d9c3196d3d82893bdd97d0c105",
            "comment": "chore(scripts): move index.ts to  to follow sub-folder domain packaging"
          }
        ]
      }
    },
    {
      "date": "Fri, 30 Dec 2022 07:50:59 GMT",
      "tag": "@fluentui/dom-utilities_v2.2.3",
      "version": "2.2.3",
      "comments": {
        "none": [
          {
            "author": "martinhochel@microsoft.com",
            "package": "@fluentui/dom-utilities",
            "commit": "194b0cf0cc27c1c1233aa945f09b3ad29778d8ca",
            "comment": "chore(scripts): use for @fluentui/scripts version within all package.json"
          }
        ]
      }
    },
    {
      "date": "Thu, 01 Dec 2022 07:57:07 GMT",
      "tag": "@fluentui/dom-utilities_v2.2.3",
      "version": "2.2.3",
      "comments": {
        "none": [
          {
            "author": "martinhochel@microsoft.com",
            "package": "@fluentui/dom-utilities",
            "commit": "c46ff8dec351ebf57efb4114366016010b285429",
            "comment": "chore: enable isolateModules"
          }
        ]
      }
    },
    {
      "date": "Wed, 09 Nov 2022 07:48:12 GMT",
      "tag": "@fluentui/dom-utilities_v2.2.3",
      "version": "2.2.3",
      "comments": {
        "patch": [
          {
            "author": "beachball",
            "package": "@fluentui/dom-utilities",
            "comment": "Bump @fluentui/set-version to v8.2.3",
            "commit": "99542b13a50433f03228b30113f305bc38a1340c"
          }
        ]
      }
    },
    {
      "date": "Mon, 08 Aug 2022 07:39:33 GMT",
      "tag": "@fluentui/dom-utilities_v2.2.2",
      "version": "2.2.2",
      "comments": {
        "patch": [
          {
            "author": "beachball",
            "package": "@fluentui/dom-utilities",
            "comment": "Bump @fluentui/set-version to v8.2.2",
            "commit": "1e8c83109fbe238c250862aa4ab773e9fff7d70d"
          }
        ]
      }
    },
    {
      "date": "Fri, 13 May 2022 07:45:35 GMT",
      "tag": "@fluentui/dom-utilities_v2.2.1",
      "version": "2.2.1",
      "comments": {
        "patch": [
          {
            "author": "beachball",
            "package": "@fluentui/dom-utilities",
            "comment": "Bump @fluentui/set-version to v8.2.1",
            "commit": "bcafc0d8c2fdaa68473a317b6d179c5534257602"
          }
        ]
      }
    },
    {
      "date": "Thu, 03 Mar 2022 07:24:26 GMT",
      "tag": "@fluentui/dom-utilities_v2.2.0",
      "version": "2.2.0",
      "comments": {
        "minor": [
          {
            "author": "dzearing@microsoft.com",
            "package": "@fluentui/dom-utilities",
            "commit": "f2f1c0ea948cc3517eeb442c05433eb0918def29",
            "comment": "Adding explicit export maps on all consumer packages for FUIR 8 and 9."
          },
          {
            "author": "beachball",
            "package": "@fluentui/dom-utilities",
            "comment": "Bump @fluentui/set-version to v8.2.0",
            "commit": "e6fd843a2d46bb138f5b05f4656b4c3726bc5aed"
          }
        ]
      }
    },
    {
      "date": "Thu, 25 Nov 2021 14:54:16 GMT",
      "tag": "@fluentui/dom-utilities_v2.1.5",
      "version": "2.1.5",
      "comments": {
        "patch": [
          {
            "author": "beachball",
            "package": "@fluentui/dom-utilities",
            "comment": "Bump @fluentui/set-version to v8.1.5",
            "commit": "b851427662a56e25eb4af2c7e5583ea162356186"
          }
        ]
      }
    },
    {
      "date": "Mon, 20 Sep 2021 07:36:26 GMT",
      "tag": "@fluentui/dom-utilities_v2.1.4",
      "version": "2.1.4",
      "comments": {
        "none": [
          {
            "author": "lingfangao@hotmail.com",
            "package": "@fluentui/dom-utilities",
            "comment": "chore: use  versioon eslint-plugin and react-conformance in dev dependencies",
            "commit": "b8a304770f77c0353553a152dad34421070400a6"
          },
          {
            "author": "lingfangao@hotmail.com",
            "package": "@fluentui/dom-utilities",
            "commit": "b8a304770f77c0353553a152dad34421070400a6",
            "comment": "Bump @fluentui/dom-utilities to v2.1.4"
          }
        ]
      }
    },
    {
      "date": "Tue, 24 Aug 2021 07:34:48 GMT",
      "tag": "@fluentui/dom-utilities_v2.1.4",
      "version": "2.1.4",
      "comments": {
        "none": [
          {
            "comment": "Bump @fluentui/eslint-plugin to v1.4.1",
            "author": "dzearing@hotmail.com",
            "commit": "0abd957c8d4421018e6d792c2a4aa8876967392b",
            "package": "@fluentui/dom-utilities"
          }
        ]
      }
    },
    {
      "date": "Fri, 20 Aug 2021 07:37:28 GMT",
      "tag": "@fluentui/dom-utilities_v2.1.4",
      "version": "2.1.4",
      "comments": {
        "none": [
          {
            "comment": "Bump @fluentui/eslint-plugin to v1.4.0",
            "author": "behowell@microsoft.com",
            "commit": "21df8406417c5c5c1d053561a498b920ac962b4b",
            "package": "@fluentui/dom-utilities"
          }
        ]
      }
    },
    {
      "date": "Tue, 03 Aug 2021 07:39:30 GMT",
      "tag": "@fluentui/dom-utilities_v2.1.4",
      "version": "2.1.4",
      "comments": {
        "patch": [
          {
            "comment": "Bump @fluentui/eslint-plugin to v1.3.3",
            "author": "behowell@microsoft.com",
            "commit": "86476ee0511ad2693c2829b959f93a87ad10f095",
            "package": "@fluentui/dom-utilities"
          }
        ]
      }
    },
    {
      "date": "Fri, 09 Jul 2021 07:39:31 GMT",
      "tag": "@fluentui/dom-utilities_v2.1.3",
      "version": "2.1.3",
      "comments": {
        "patch": [
          {
            "comment": "Bump @fluentui/eslint-plugin to v1.3.2",
            "author": "martinhochel@microsoft.com",
            "commit": "18902eb64710aa6253a79781357b8390bb13665c",
            "package": "@fluentui/dom-utilities"
          }
        ]
      }
    },
    {
      "date": "Mon, 07 Jun 2021 07:38:15 GMT",
      "tag": "@fluentui/dom-utilities_v2.1.2",
      "version": "2.1.2",
      "comments": {
        "patch": [
          {
            "comment": "Bump @fluentui/eslint-plugin to v1.3.1",
            "author": "martinhochel@microsoft.com",
            "commit": "f856cb3f7fbc3edb3646204c0c7e435fc7678dd1",
            "package": "@fluentui/dom-utilities"
          }
        ]
      }
    },
    {
      "date": "Thu, 20 May 2021 07:41:54 GMT",
      "tag": "@fluentui/dom-utilities_v2.1.1",
      "version": "2.1.1",
      "comments": {
        "patch": [
          {
            "comment": "Bump @fluentui/eslint-plugin to v1.3.0",
            "author": "elcraig@microsoft.com",
            "commit": "630b71c415cd40ed0e36773eab99d62cd02a30fb",
            "package": "@fluentui/dom-utilities"
          }
        ]
      }
    },
    {
      "date": "Fri, 30 Apr 2021 07:42:23 GMT",
      "tag": "@fluentui/dom-utilities_v2.1.0",
      "version": "2.1.0",
      "comments": {
        "minor": [
          {
            "comment": "Upgrade to typescript 4.1.5",
            "author": "joschect@microsoft.com",
            "commit": "2b62c457bb860f6675fae4acae86ee6c0b06c279",
            "package": "@fluentui/dom-utilities"
          }
        ],
        "patch": [
          {
            "comment": "Bump @fluentui/eslint-plugin to v1.2.0",
            "author": "joschect@microsoft.com",
            "commit": "2b62c457bb860f6675fae4acae86ee6c0b06c279",
            "package": "@fluentui/dom-utilities"
          },
          {
            "comment": "Bump @fluentui/set-version to v8.1.0",
            "author": "joschect@microsoft.com",
            "commit": "2b62c457bb860f6675fae4acae86ee6c0b06c279",
            "package": "@fluentui/dom-utilities"
          },
          {
            "comment": "Bump @fluentui/scripts to v1.0.0",
            "author": "joschect@microsoft.com",
            "commit": "2b62c457bb860f6675fae4acae86ee6c0b06c279",
            "package": "@fluentui/dom-utilities"
          }
        ]
      }
    },
    {
      "date": "Fri, 23 Apr 2021 07:37:10 GMT",
      "tag": "@fluentui/dom-utilities_v2.0.3",
      "version": "2.0.3",
      "comments": {
        "patch": [
          {
            "comment": "Bump @fluentui/eslint-plugin to v1.1.1",
            "author": "olfedias@microsoft.com",
            "commit": "7d1a9a8aee217022e55b8c39c723b1390b5d8095",
            "package": "@fluentui/dom-utilities"
          }
        ]
      }
    },
    {
      "date": "Wed, 31 Mar 2021 00:53:43 GMT",
      "tag": "@fluentui/dom-utilities_v2.0.2",
      "version": "2.0.2",
      "comments": {
        "patch": [
          {
            "comment": "Bump @fluentui/eslint-plugin to v1.1.0",
            "author": "elcraig@microsoft.com",
            "commit": "d41b79242e6b682dfa58fcd76797ecfd9146d4cf",
            "package": "@fluentui/dom-utilities"
          }
        ]
      }
    },
    {
      "date": "Mon, 15 Mar 2021 07:36:20 GMT",
      "tag": "@fluentui/dom-utilities_v2.0.1",
      "version": "2.0.1",
      "comments": {
        "none": [
          {
            "comment": "Remove unneeded scripts",
            "author": "elcraig@microsoft.com",
            "commit": "3b4dd6b9e941da11297cea43c5218a4da2d277d5",
            "package": "@fluentui/dom-utilities"
          }
        ]
      }
    },
    {
      "date": "Fri, 12 Mar 2021 20:04:27 GMT",
      "tag": "@fluentui/dom-utilities_v2.0.1",
      "version": "2.0.1",
      "comments": {
        "none": [
          {
            "comment": "Move `@types/node` and `@types/webpack-env` devDependencies to root, and remove unneeded references",
            "author": "elcraig@microsoft.com",
            "commit": "8789ee1074aad852bd0a95d0183dbdf2ee718e1d",
            "package": "@fluentui/dom-utilities"
          }
        ]
      }
    },
    {
      "date": "Fri, 26 Feb 2021 01:16:27 GMT",
      "tag": "@fluentui/dom-utilities_v2.0.1",
      "version": "2.0.1",
      "comments": {
        "patch": [
          {
            "comment": "Release major version",
            "author": "elcraig@microsoft.com",
            "commit": "71f0a43b375b4a932ecbcf6778288422db2dc267",
            "package": "@fluentui/dom-utilities"
          }
        ]
      }
    },
    {
      "date": "Thu, 18 Feb 2021 12:27:34 GMT",
      "tag": "@fluentui/dom-utilities_v2.0.0-beta.2",
      "version": "2.0.0-beta.2",
      "comments": {
        "prerelease": [
          {
            "comment": "Bump @fluentui/eslint-plugin to v1.0.0-beta.2",
            "author": "elcraig@microsoft.com",
            "commit": "1072765ed2e0ffda34688d84d376a8bc4bf928f0",
            "package": "@fluentui/dom-utilities"
          }
        ]
      }
    },
    {
      "date": "Wed, 17 Feb 2021 12:21:39 GMT",
      "tag": "@fluentui/dom-utilities_v2.0.0-beta.1",
      "version": "2.0.0-beta.1",
      "comments": {
        "none": [
          {
            "comment": "chore: apply single version policy on jest",
            "author": "martinhochel@microsoft.com",
            "commit": "0de01d003589b5e2f166bc070729dca20125a091",
            "package": "@fluentui/dom-utilities"
          }
        ]
      }
    },
    {
      "date": "Thu, 11 Feb 2021 12:18:41 GMT",
      "tag": "@fluentui/dom-utilities_v2.0.0-beta.1",
      "version": "2.0.0-beta.1",
      "comments": {
        "none": [
          {
            "comment": "Bump @fluentui/eslint-plugin to v1.0.0-beta.1",
            "author": "martinhochel@microsoft.com",
            "commit": "7566015a7edd355b4fcd3796bc8f44f732ef0877",
            "package": "@fluentui/dom-utilities"
          }
        ]
      }
    },
    {
      "date": "Wed, 03 Feb 2021 05:51:40 GMT",
      "tag": "@fluentui/dom-utilities_v2.0.0-beta.1",
      "version": "2.0.0-beta.1",
      "comments": {
        "none": [
          {
            "comment": "refactor: remove unused .npmrc in packages",
            "author": "hantatsang@gmail.com",
            "commit": "c688ee2ea6f192c4874974ebf11598523ccf6db9",
            "package": "@fluentui/dom-utilities"
          }
        ]
      }
    },
    {
      "date": "Thu, 28 Jan 2021 12:25:56 GMT",
      "tag": "@fluentui/dom-utilities_v2.0.0-beta.1",
      "version": "2.0.0-beta.1",
      "comments": {
        "none": [
          {
            "comment": "Delete update-api script which is no longer needed",
            "author": "elcraig@microsoft.com",
            "commit": "943a9ef5768a9cd77ade84217d142f93b1be6127",
            "package": "@fluentui/dom-utilities"
          }
        ]
      }
    },
    {
      "date": "Fri, 23 Oct 2020 03:26:15 GMT",
      "tag": "@fluentui/dom-utilities_v2.0.0-beta.0",
      "version": "2.0.0-beta.0",
      "comments": {
        "prerelease": [
          {
            "comment": "Add missing version.ts; Remove unneeded package dependencies.",
            "author": "xgao@microsoft.com",
            "commit": "9775badfc989f8820a437367a53f761cc3ca7512",
            "package": "@fluentui/dom-utilities"
          },
          {
            "comment": "Rename @uifabric/set-version to @fluentui/set-version",
            "author": "ololubek@microsoft.com",
            "commit": "2eba5d5be163a7a64975f058dc38b465f2363064",
            "package": "@fluentui/dom-utilities"
          }
        ],
        "none": [
          {
            "comment": "Update npmignore",
            "author": "elcraig@microsoft.com",
            "commit": "aec02d96e7cef745e9867c03a528426a5ad28038",
            "package": "@fluentui/dom-utilities"
          },
          {
            "comment": "Rename build-related packages",
            "author": "elcraig@microsoft.com",
            "commit": "32a158fd2c7fca8dc308a3e41f692817e6c26c44",
            "package": "@fluentui/dom-utilities"
          },
          {
            "comment": "Update package version for @fluentui/react version 8 beta release.",
            "author": "xgao@microsoft.com",
            "commit": "ee2622a8572c11f1eeb9d7f1c8d759d6ae0281ca",
            "package": "@fluentui/dom-utilities"
          }
        ]
      }
    },
    {
      "date": "Fri, 25 Sep 2020 12:25:17 GMT",
      "tag": "@fluentui/dom-utilities_v1.1.1",
      "version": "1.1.1",
      "comments": {
        "none": [
          {
            "comment": "Remove same-package path aliases",
            "author": "elcraig@microsoft.com",
            "commit": "85432b281ce55e1a990dd811e5adebbad84e7cb8",
            "package": "@fluentui/dom-utilities"
          }
        ]
      }
    },
    {
      "date": "Thu, 17 Sep 2020 15:52:49 GMT",
      "tag": "@fluentui/dom-utilities_v1.1.1",
      "version": "1.1.1",
      "comments": {
        "patch": [
          {
            "comment": "fix: elementContains should behave like .contains()",
            "author": "olfedias@microsoft.com",
            "commit": "1cdb4aa1cd69dce6eabf8fc9551191eed2158821",
            "package": "@fluentui/dom-utilities"
          }
        ]
      }
    },
    {
      "date": "Wed, 16 Sep 2020 12:27:22 GMT",
      "tag": "@fluentui/dom-utilities_v1.1.0",
      "version": "1.1.0",
      "comments": {
        "patch": [
          {
            "comment": "Add API report file",
            "author": "elcraig@microsoft.com",
            "commit": "7d093f59a06527fc39656c903cab4470650e3acd",
            "package": "@fluentui/dom-utilities"
          }
        ],
        "minor": [
          {
            "comment": "Port over virtual DOM utilities and tests",
            "author": "tmichon@microsoft.com",
            "commit": "0903cff93e15f9865634c79a42fb2fbc14e7964e",
            "package": "@fluentui/dom-utilities"
          }
        ]
      }
    }
  ]
}
