<?xml version="1.0" encoding="UTF-8" standalone="yes"?>
<manifest>
  <control namespace="CJSoftLabs" constructor="DynamicFormBuilderControl" version="1.0.6" display-name-key="DynamicFormBuilderControl" description-key="DynamicFormBuilderControl description" control-type="standard" api-version="1.3.16">
    <external-service-usage enabled="false"/>
    <property name="ControlUiJsonData" display-name-key="Control UI Data (JSON)" description-key="Control UI Data (JSON)" of-type="Multiple" usage="bound" required="true"/>
    <property name="ComponentTypes" display-name-key="Component Types" description-key="Component Types" of-type="Multiple" usage="input" required="true"/>
    <property name="EntityConfigs" display-name-key="Entity Configs" description-key="Entity Configs" of-type="Multiple" usage="input" required="true"/>
    <property name="OperatorOptionsByType" display-name-key="Operator Options" description-key="Operator Options" of-type="Multiple" usage="input" required="true"/>
    <property name="EnableAutoSave" display-name-key="Enable Auto Save" description-key="Enable Auto Save" of-type="TwoOptions" usage="input" required="false" default-value="false"/>
    <resources>
      <code path="bundle.js" order="1"/>
    </resources>
    <feature-usage>
      <uses-feature name="WebAPI" required="true"/>
    </feature-usage>
    <built-by name="pac" version="1.43.6"/>
  </control>
</manifest>