{
    "common": [
      { "key": "isnotnull", "text": "Contains data" },
      { "key": "isnull", "text": "Does not contain data" }
    ],
    "boolean": [
      { "key": "equals", "text": "Equals", "controlType": "toggle" },
      { "key": "notequals", "text": "Does not equal", "controlType": "toggle" }
    ],
    "text": [
      { "key": "equals", "text": "Equals", "controlType": "text" },
      { "key": "equalsignorecase", "text": "Equals (ignore case)", "controlType": "text" },
      { "key": "notequals", "text": "Does not equal", "controlType": "text" },
      { "key": "notequalsignorecase", "text": "Does not equal (ignore case)", "controlType": "text" }
    ],
    "basictext": [
      { "key": "contains", "text": "Contains", "controlType": "text" },
      { "key": "containsignorecase", "text": "Contains (ignore case)", "controlType": "text" },
      { "key": "notcontains", "text": "Does not contain", "controlType": "text" },
      { "key": "notcontainsignorecase", "text": "Does not contain (ignore case)", "controlType": "text" },
      { "key": "beginswith", "text": "Begins with", "controlType": "text" },
      { "key": "beginswithignorecase", "text": "Begins with (ignore case)", "controlType": "text" },
      { "key": "notbeginswith", "text": "Does not Begins with", "controlType": "text" },
      { "key": "notbeginswithignorecase", "text": "Does not Begins with (ignore case)", "controlType": "text" },
      { "key": "endswith", "text": "Ends with", "controlType": "text" },
      { "key": "endswithignorecase", "text": "Ends with (ignore case)", "controlType": "text" },
      { "key": "notendswith", "text": "Does not End with", "controlType": "text" },
      { "key": "notendswithignorecase", "text": "Does not End with (ignore case)", "controlType": "text" },
      { "key": "textin", "text": "Text In", "controlType": "textArray" }
    ],
    "listcommon": [
      { "key": "equals", "text": "Equals", "controlType": "list" },
      { "key": "notequals", "text": "Does not equal", "controlType": "list" },
      { "key": "contains", "text": "Contains", "controlType": "list" },
      { "key": "notcontains", "text": "Does not contain", "controlType": "list" },
      { "key": "textin", "text": "Text In", "controlType": "textArray" },
      { "key": "valuein", "text": "Value In", "controlType": "listArray" }
    ],
    "listsingleselect": [
      { "key": "beginswith", "text": "Begins with", "controlType": "text" },
      { "key": "beginswithignorecase", "text": "Begins with (ignore case)", "controlType": "text" },
      { "key": "notbeginswith", "text": "Does not Begins with", "controlType": "text" },
      { "key": "notbeginswithignorecase", "text": "Does not Begins with (ignore case)", "controlType": "text" },
      { "key": "endswith", "text": "Ends with", "controlType": "text" },
      { "key": "endswithignorecase", "text": "Ends with (ignore case)", "controlType": "text" },
      { "key": "notendswith", "text": "Does not End with", "controlType": "text" },
      { "key": "notendswithignorecase", "text": "Does not End with (ignore case)", "controlType": "text" },
      { "key": "valueequals", "text": "Value Equals", "controlType": "text" },
      { "key": "valueequalsignorecase", "text": "Value Equals (ignore case)", "controlType": "text" },
      { "key": "valuenotequals", "text": "Value Does not equal", "controlType": "text" },
      { "key": "valuenotequalsignorecase", "text": "Value Does not equal (ignore case)", "controlType": "text" },
      { "key": "valuecontains", "text": "Value Contains", "controlType": "text" },
      { "key": "valuecontainsignorecase", "text": "Value Contains (ignore case)", "controlType": "text" },
      { "key": "valuenotcontains", "text": "Value Does not contain", "controlType": "text" },
      { "key": "valuenotcontainsignorecase", "text": "Value Does not contain (ignore case)", "controlType": "text" },
      { "key": "valuebeginswith", "text": "Value Begins with", "controlType": "text" },
      { "key": "valuebeginswithignorecase", "text": "Value Begins with (ignore case)", "controlType": "text" },
      { "key": "valuenotbeginswith", "text": "Value Does not Begins with", "controlType": "text" },
      { "key": "valuenotbeginswithignorecase", "text": "Value Does not Begins with (ignore case)", "controlType": "text" },
      { "key": "valueendswith", "text": "Value Ends with", "controlType": "text" },
      { "key": "valueendswithignorecase", "text": "Value Ends with (ignore case)", "controlType": "text" },
      { "key": "valuenotendswith", "text": "Value Does not End with", "controlType": "text" },
      { "key": "valuenotendswithignorecase", "text": "Value Does not End with (ignore case)", "controlType": "text" }
    ],
    "number": [
      { "key": "equals", "text": "Equals", "controlType": "number" },
      { "key": "notequals", "text": "Does not equal", "controlType": "number" },
      { "key": "greaterthan", "text": "Greater than", "controlType": "number" },
      { "key": "greaterthanorequal", "text": "Greater than or equal", "controlType": "number" },
      { "key": "lessthan", "text": "Less than", "controlType": "number" },
      { "key": "lessthanorequal", "text": "Less than or equal", "controlType": "number" },
      { "key": "valuein", "text": "Value In", "controlType": "numberArray" },
      { "key": "valuebetween", "text": "Value Between", "controlType": "numberRange" }
    ],
    "dateonly": [
      { "key": "equals", "text": "Equals", "controlType": "date" },
      { "key": "notequals", "text": "Does not equal", "controlType": "date" },
      { "key": "greaterthan", "text": "Greater than", "controlType": "date" },
      { "key": "greaterthanorequal", "text": "Greater than or equal", "controlType": "date" },
      { "key": "lessthan", "text": "Less than", "controlType": "date" },
      { "key": "lessthanorequal", "text": "Less than or equal", "controlType": "date" },
      { "key": "valuein", "text": "Value In", "controlType": "dateArray" },
      { "key": "valuebetween", "text": "Value Between", "controlType": "dateRange" },
      { "key": "onorbefore", "text": "On or Before", "controlType": "date" },
      { "key": "onorafter", "text": "On or After", "controlType": "date" },
      { "key": "yesterday", "text": "Is Yesterday" },
      { "key": "today", "text": "Is Today" },
      { "key": "tomorrow", "text": "Is Tomorrow" },
      { "key": "nextxdays", "text": "Next X Days", "controlType": "number" },
      { "key": "lastxdays", "text": "Last X Days", "controlType": "number" },
      { "key": "nextxweeks", "text": "Next X Weeks", "controlType": "number" },
      { "key": "lastxweeks", "text": "Last X Weeks", "controlType": "number" },
      { "key": "thisweek", "text": "In This Week" },
      { "key": "nextxmonths", "text": "Next X Months", "controlType": "number" },
      { "key": "lastxmonths", "text": "Last X Months", "controlType": "number" },
      { "key": "thismonth", "text": "In This Month" },
      { "key": "nextxyears", "text": "Next X Years", "controlType": "number" },
      { "key": "lastxyears", "text": "Last X Years", "controlType": "number" },
      { "key": "thisyear", "text": "In This Year" },
      { "key": "olderthanxdays", "text": "Older than X Days", "controlType": "number" },
      { "key": "olderthanxweeks", "text": "Older than X Weeks", "controlType": "number" },
      { "key": "olderthanxmonths", "text": "Older than X Months", "controlType": "number" },
      { "key": "olderthanxyears", "text": "Older than X Years", "controlType": "number" }
    ],
    "timeonly": [
      { "key": "equals", "text": "Equals", "controlType": "time" },
      { "key": "notequals", "text": "Does not equal", "controlType": "time" },
      { "key": "greaterthan", "text": "Greater than", "controlType": "time" },
      { "key": "greaterthanorequal", "text": "Greater than or equal", "controlType": "time" },
      { "key": "lessthan", "text": "Less than", "controlType": "time" },
      { "key": "lessthanorequal", "text": "Less than or equal", "controlType": "time" },
      { "key": "valuein", "text": "Value In", "controlType": "timeArray" },
      { "key": "valuebetween", "text": "Value Between", "controlType": "timeRange" },
      { "key": "onorbefore", "text": "On or Before", "controlType": "time" },
      { "key": "onorafter", "text": "On or After", "controlType": "time" },
      { "key": "nextxhours", "text": "Next X Hours", "controlType": "number" },
      { "key": "lastxhours", "text": "Last X Hours", "controlType": "number" },
      { "key": "olderthanxminutes", "text": "Older than X Minutes", "controlType": "number" },
      { "key": "olderthanxhours", "text": "Older than X Hours", "controlType": "number" }
    ],
    "datetime": [
      { "key": "equals", "text": "Equals", "controlType": "datetime" },
      { "key": "notequals", "text": "Does not equal", "controlType": "datetime" },
      { "key": "greaterthan", "text": "Greater than", "controlType": "datetime" },
      { "key": "greaterthanorequal", "text": "Greater than or equal", "controlType": "datetime" },
      { "key": "lessthan", "text": "Less than", "controlType": "datetime" },
      { "key": "lessthanorequal", "text": "Less than or equal", "controlType": "datetime" },
      { "key": "valuein", "text": "Value In", "controlType": "datetimeArray" },
      { "key": "valuebetween", "text": "Value Between", "controlType": "datetimeRange" },
      { "key": "onorbefore", "text": "On or Before", "controlType": "datetime" },
      { "key": "onorafter", "text": "On or After", "controlType": "datetime" },
      { "key": "yesterday", "text": "Is Yesterday" },
      { "key": "today", "text": "Is Today" },
      { "key": "tomorrow", "text": "Is Tomorrow" },
      { "key": "nextxhours", "text": "Next X Hours", "controlType": "number" },
      { "key": "lastxhours", "text": "Last X Hours", "controlType": "number" },
      { "key": "nextxdays", "text": "Next X Days", "controlType": "number" },
      { "key": "lastxdays", "text": "Last X Days", "controlType": "number" },
      { "key": "nextxweeks", "text": "Next X Weeks", "controlType": "number" },
      { "key": "lastxweeks", "text": "Last X Weeks", "controlType": "number" },
      { "key": "thisweek", "text": "In This Week" },
      { "key": "nextxmonths", "text": "Next X Months", "controlType": "number" },
      { "key": "lastxmonths", "text": "Last X Months", "controlType": "number" },
      { "key": "thismonth", "text": "In This Month" },
      { "key": "nextxyears", "text": "Next X Years", "controlType": "number" },
      { "key": "lastxyears", "text": "Last X Years", "controlType": "number" },
      { "key": "thisyear", "text": "In This Year" },
      { "key": "olderthanxminutes", "text": "Older than X Minutes", "controlType": "number" },
      { "key": "olderthanxhours", "text": "Older than X Hours", "controlType": "number" },
      { "key": "olderthanxdays", "text": "Older than X Days", "controlType": "number" },
      { "key": "olderthanxweeks", "text": "Older than X Weeks", "controlType": "number" },
      { "key": "olderthanxmonths", "text": "Older than X Months", "controlType": "number" },
      { "key": "olderthanxyears", "text": "Older than X Years", "controlType": "number" }
    ]
  }