<manifest><control namespace="CJSoftLabs" constructor="CustomTimeline" version="1.0.10" display-name-key="CustomTimeline" description-key="CustomTimeline description" control-type="standard" api-version="1.3.14"><external-service-usage enabled="false" /><property name="fieldName" display-name-key="Field Name" description-key="Field Name" of-type="SingleLine.Text" usage="bound" required="true" /><property name="primaryKey" display-name-key="Primary Key" description-key="Primary Key" of-type="SingleLine.Text" usage="bound" required="true" /><property name="configData" display-name-key="Configuration Data" description-key="Configuration Data" of-type="Multiple" usage="input" required="true" /><resources><code path="bundle.js" order="1" /></resources><feature-usage><uses-feature name="WebAPI" required="true" /></feature-usage><built-by name="pac" version="1.32.5" /></control></manifest>